/*
 Navicat Premium Data Transfer

 Source Server         : localhost_3306
 Source Server Type    : MySQL
 Source Server Version : 100128
 Source Host           : localhost:3306
 Source Schema         : skema

 Target Server Type    : MySQL
 Target Server Version : 100128
 File Encoding         : 65001

 Date: 24/01/2018 16:22:01
*/

SET NAMES utf8mb4;
SET FOREIGN_KEY_CHECKS = 0;

-- ----------------------------
-- Table structure for tbbank
-- ----------------------------
DROP TABLE IF EXISTS `tbbank`;
CREATE TABLE `tbbank`  (
  `id` int(11) NOT NULL AUTO_INCREMENT,
  `nama` varchar(255) CHARACTER SET latin1 COLLATE latin1_swedish_ci NOT NULL,
  `deskripsi` varchar(255) CHARACTER SET latin1 COLLATE latin1_swedish_ci NULL DEFAULT NULL,
  PRIMARY KEY (`id`) USING BTREE
) ENGINE = InnoDB AUTO_INCREMENT = 1 CHARACTER SET = latin1 COLLATE = latin1_swedish_ci ROW_FORMAT = Compact;

-- ----------------------------
-- Table structure for tbbuku
-- ----------------------------
DROP TABLE IF EXISTS `tbbuku`;
CREATE TABLE `tbbuku`  (
  `id` int(11) NOT NULL AUTO_INCREMENT,
  `penggunaid` int(11) NOT NULL,
  `judul` varchar(255) CHARACTER SET latin1 COLLATE latin1_swedish_ci NOT NULL,
  `kategoriid` int(11) NOT NULL,
  `ukuranid` int(11) NOT NULL,
  `jeniskertasid` int(11) NOT NULL,
  `halamanwarna` int(6) NOT NULL,
  `halamanhitamputih` int(6) NOT NULL,
  `hargajual` double NOT NULL,
  `totalharga` double NOT NULL,
  `naskah` varchar(255) CHARACTER SET latin1 COLLATE latin1_swedish_ci NOT NULL,
  `contohnaskah` varchar(255) CHARACTER SET latin1 COLLATE latin1_swedish_ci NOT NULL,
  `cover` varchar(255) CHARACTER SET latin1 COLLATE latin1_swedish_ci NOT NULL,
  `contohcover` varchar(255) CHARACTER SET latin1 COLLATE latin1_swedish_ci NOT NULL,
  `deskripsi` text CHARACTER SET latin1 COLLATE latin1_swedish_ci NOT NULL,
  `status` enum('AKTIF','PROSES') CHARACTER SET latin1 COLLATE latin1_swedish_ci NOT NULL DEFAULT 'PROSES',
  `created_at` timestamp(0) NOT NULL DEFAULT CURRENT_TIMESTAMP,
  `updated_at` timestamp(0) NOT NULL ON UPDATE CURRENT_TIMESTAMP(0),
  PRIMARY KEY (`id`) USING BTREE,
  INDEX `kategoriid`(`kategoriid`) USING BTREE,
  INDEX `ukuranid`(`ukuranid`) USING BTREE,
  INDEX `jeniskertasid`(`jeniskertasid`) USING BTREE,
  INDEX `tbbuku_ibfk_1`(`penggunaid`) USING BTREE,
  CONSTRAINT `tbbuku_ibfk_1` FOREIGN KEY (`penggunaid`) REFERENCES `tbpengguna` (`id`) ON DELETE CASCADE ON UPDATE CASCADE,
  CONSTRAINT `tbbuku_ibfk_2` FOREIGN KEY (`kategoriid`) REFERENCES `tbkategori` (`id`) ON DELETE RESTRICT ON UPDATE CASCADE,
  CONSTRAINT `tbbuku_ibfk_3` FOREIGN KEY (`ukuranid`) REFERENCES `tbukuran` (`id`) ON DELETE RESTRICT ON UPDATE CASCADE,
  CONSTRAINT `tbbuku_ibfk_4` FOREIGN KEY (`jeniskertasid`) REFERENCES `tbjeniskertas` (`id`) ON DELETE RESTRICT ON UPDATE CASCADE
) ENGINE = InnoDB AUTO_INCREMENT = 1 CHARACTER SET = latin1 COLLATE = latin1_swedish_ci ROW_FORMAT = Compact;

-- ----------------------------
-- Table structure for tbcekbuku
-- ----------------------------
DROP TABLE IF EXISTS `tbcekbuku`;
CREATE TABLE `tbcekbuku`  (
  `id` int(11) NOT NULL AUTO_INCREMENT,
  `peranpenggunaid` int(11) NOT NULL,
  `bukuid` int(11) NOT NULL,
  PRIMARY KEY (`id`) USING BTREE,
  INDEX `tbcekbuku_ibfk_1`(`bukuid`) USING BTREE,
  INDEX `tbcekbuku_ibfk_2`(`peranpenggunaid`) USING BTREE,
  CONSTRAINT `tbcekbuku_ibfk_1` FOREIGN KEY (`bukuid`) REFERENCES `tbbuku` (`id`) ON DELETE CASCADE ON UPDATE CASCADE,
  CONSTRAINT `tbcekbuku_ibfk_2` FOREIGN KEY (`peranpenggunaid`) REFERENCES `tbperan_pengguna` (`id`) ON DELETE CASCADE ON UPDATE CASCADE
) ENGINE = InnoDB AUTO_INCREMENT = 1 CHARACTER SET = latin1 COLLATE = latin1_swedish_ci ROW_FORMAT = Compact;

-- ----------------------------
-- Table structure for tbhak_akses
-- ----------------------------
DROP TABLE IF EXISTS `tbhak_akses`;
CREATE TABLE `tbhak_akses`  (
  `id` int(11) NOT NULL AUTO_INCREMENT,
  `peranid` int(11) NOT NULL,
  `menuid` int(11) NOT NULL,
  `tampil` enum('YA','TIDAK') CHARACTER SET latin1 COLLATE latin1_swedish_ci NOT NULL DEFAULT 'TIDAK',
  `tambah` enum('YA','TIDAK') CHARACTER SET latin1 COLLATE latin1_swedish_ci NOT NULL DEFAULT 'TIDAK',
  `ubah` enum('YA','TIDAK') CHARACTER SET latin1 COLLATE latin1_swedish_ci NOT NULL DEFAULT 'TIDAK',
  `hapus` enum('YA','TIDAK') CHARACTER SET latin1 COLLATE latin1_swedish_ci NOT NULL DEFAULT 'TIDAK',
  PRIMARY KEY (`id`) USING BTREE,
  UNIQUE INDEX `penggunaid`(`peranid`, `menuid`) USING BTREE,
  INDEX `tbhak_akses_ibfk_1`(`menuid`) USING BTREE,
  CONSTRAINT `tbhak_akses_ibfk_1` FOREIGN KEY (`menuid`) REFERENCES `tbmenu` (`id`) ON DELETE CASCADE ON UPDATE CASCADE,
  CONSTRAINT `tbhak_akses_ibfk_2` FOREIGN KEY (`peranid`) REFERENCES `tbperan` (`id`) ON DELETE CASCADE ON UPDATE CASCADE
) ENGINE = InnoDB AUTO_INCREMENT = 53 CHARACTER SET = latin1 COLLATE = latin1_swedish_ci ROW_FORMAT = Compact;

-- ----------------------------
-- Records of tbhak_akses
-- ----------------------------
INSERT INTO `tbhak_akses` VALUES (9, 1, 3, 'YA', 'YA', 'YA', 'YA');
INSERT INTO `tbhak_akses` VALUES (24, 1, 6, 'YA', 'YA', 'YA', 'YA');
INSERT INTO `tbhak_akses` VALUES (28, 2, 3, 'YA', 'YA', 'YA', 'TIDAK');
INSERT INTO `tbhak_akses` VALUES (31, 2, 6, 'YA', 'YA', 'YA', 'TIDAK');
INSERT INTO `tbhak_akses` VALUES (35, 3, 3, 'TIDAK', 'TIDAK', 'TIDAK', 'TIDAK');
INSERT INTO `tbhak_akses` VALUES (38, 3, 6, 'TIDAK', 'TIDAK', 'TIDAK', 'TIDAK');
INSERT INTO `tbhak_akses` VALUES (42, 4, 3, 'TIDAK', 'TIDAK', 'TIDAK', 'TIDAK');
INSERT INTO `tbhak_akses` VALUES (45, 4, 6, 'TIDAK', 'TIDAK', 'TIDAK', 'TIDAK');
INSERT INTO `tbhak_akses` VALUES (49, 5, 3, 'TIDAK', 'TIDAK', 'TIDAK', 'TIDAK');
INSERT INTO `tbhak_akses` VALUES (52, 5, 6, 'TIDAK', 'TIDAK', 'TIDAK', 'TIDAK');

-- ----------------------------
-- Table structure for tbjatuhtempo
-- ----------------------------
DROP TABLE IF EXISTS `tbjatuhtempo`;
CREATE TABLE `tbjatuhtempo`  (
  `id` int(11) NOT NULL AUTO_INCREMENT,
  `jatuhtempo` int(5) NOT NULL,
  `dendaPerHari` double NULL DEFAULT NULL,
  `created_at` timestamp(0) NOT NULL DEFAULT CURRENT_TIMESTAMP ON UPDATE CURRENT_TIMESTAMP(0),
  PRIMARY KEY (`id`) USING BTREE
) ENGINE = InnoDB AUTO_INCREMENT = 1 CHARACTER SET = latin1 COLLATE = latin1_swedish_ci ROW_FORMAT = Compact;

-- ----------------------------
-- Table structure for tbjeniskertas
-- ----------------------------
DROP TABLE IF EXISTS `tbjeniskertas`;
CREATE TABLE `tbjeniskertas`  (
  `id` int(11) NOT NULL AUTO_INCREMENT,
  `nama` varchar(255) CHARACTER SET latin1 COLLATE latin1_swedish_ci NOT NULL,
  `ketebalan` varchar(50) CHARACTER SET latin1 COLLATE latin1_swedish_ci NULL DEFAULT NULL,
  `hargaPerLembarWarna` double NOT NULL,
  `hargaPerLembarHitamPutih` double NOT NULL,
  `minHalamanWarna` int(5) NOT NULL,
  `minHalamanHitamPutih` int(5) NOT NULL,
  `created_at` timestamp(0) NOT NULL DEFAULT CURRENT_TIMESTAMP ON UPDATE CURRENT_TIMESTAMP(0),
  `updated_at` timestamp(0) NOT NULL ON UPDATE CURRENT_TIMESTAMP(0),
  PRIMARY KEY (`id`) USING BTREE
) ENGINE = InnoDB AUTO_INCREMENT = 6 CHARACTER SET = latin1 COLLATE = latin1_swedish_ci ROW_FORMAT = Compact;

-- ----------------------------
-- Records of tbjeniskertas
-- ----------------------------
INSERT INTO `tbjeniskertas` VALUES (1, 'HVS ', '70 gsm', 350, 250, 0, 0, '2018-01-12 09:40:28', '2018-01-12 09:40:28');
INSERT INTO `tbjeniskertas` VALUES (2, 'Bookpaper ', '55 gsm', 300, 200, 0, 0, '2018-01-12 09:40:34', '2018-01-12 09:40:34');
INSERT INTO `tbjeniskertas` VALUES (3, 'Art Paper', '150 gsm', 500, 350, 0, 0, '2018-01-12 09:41:46', '2018-01-12 09:41:46');
INSERT INTO `tbjeniskertas` VALUES (4, 'Matte Paper', '150 gsm', 450, 350, 0, 0, '2018-01-12 09:40:59', '2018-01-12 09:40:59');
INSERT INTO `tbjeniskertas` VALUES (5, 'Ivory', '170 gsm', 550, 450, 0, 0, '2018-01-12 09:41:15', '2018-01-12 09:41:15');

-- ----------------------------
-- Table structure for tbkategori
-- ----------------------------
DROP TABLE IF EXISTS `tbkategori`;
CREATE TABLE `tbkategori`  (
  `id` int(11) NOT NULL AUTO_INCREMENT,
  `nama` varchar(100) CHARACTER SET latin1 COLLATE latin1_swedish_ci NOT NULL,
  PRIMARY KEY (`id`) USING BTREE
) ENGINE = InnoDB AUTO_INCREMENT = 36 CHARACTER SET = latin1 COLLATE = latin1_swedish_ci ROW_FORMAT = Compact;

-- ----------------------------
-- Records of tbkategori
-- ----------------------------
INSERT INTO `tbkategori` VALUES (1, 'Novel');
INSERT INTO `tbkategori` VALUES (2, 'Kumpulan Puisi');
INSERT INTO `tbkategori` VALUES (3, 'Kumpulan Cerpen');
INSERT INTO `tbkategori` VALUES (4, 'Biography');
INSERT INTO `tbkategori` VALUES (5, 'Bisnis');
INSERT INTO `tbkategori` VALUES (6, 'Internet & Komputer');
INSERT INTO `tbkategori` VALUES (7, 'Agama');
INSERT INTO `tbkategori` VALUES (8, 'Travel');
INSERT INTO `tbkategori` VALUES (9, 'Parenting');
INSERT INTO `tbkategori` VALUES (10, 'Anak');
INSERT INTO `tbkategori` VALUES (11, 'Politik');
INSERT INTO `tbkategori` VALUES (12, 'Komik & Graphics Novel');
INSERT INTO `tbkategori` VALUES (13, 'Pengembangan Diri');
INSERT INTO `tbkategori` VALUES (14, 'Sex & Relationship');
INSERT INTO `tbkategori` VALUES (15, 'Humor');
INSERT INTO `tbkategori` VALUES (16, 'Pendidikan');
INSERT INTO `tbkategori` VALUES (17, 'Photo Book');
INSERT INTO `tbkategori` VALUES (18, 'Fotografi');
INSERT INTO `tbkategori` VALUES (19, 'Kesehatan');
INSERT INTO `tbkategori` VALUES (20, 'Memasak & Makanan');
INSERT INTO `tbkategori` VALUES (21, 'Game');
INSERT INTO `tbkategori` VALUES (22, 'Seni & Desain');
INSERT INTO `tbkategori` VALUES (23, 'Arsitektur');
INSERT INTO `tbkategori` VALUES (24, 'Interior & Pertamanan');
INSERT INTO `tbkategori` VALUES (25, 'Hukum');
INSERT INTO `tbkategori` VALUES (26, 'Hobi');
INSERT INTO `tbkategori` VALUES (27, 'Olahraga & Petualangan');
INSERT INTO `tbkategori` VALUES (28, 'Skenario Film');
INSERT INTO `tbkategori` VALUES (29, 'Text Book/Non Fiksi');
INSERT INTO `tbkategori` VALUES (30, 'True Story');
INSERT INTO `tbkategori` VALUES (31, 'Sejarah');
INSERT INTO `tbkategori` VALUES (32, 'Sains & Teknologi');
INSERT INTO `tbkategori` VALUES (33, 'Notebook');
INSERT INTO `tbkategori` VALUES (34, 'Fan Fiction');
INSERT INTO `tbkategori` VALUES (35, 'Finance');

-- ----------------------------
-- Table structure for tbkota
-- ----------------------------
DROP TABLE IF EXISTS `tbkota`;
CREATE TABLE `tbkota`  (
  `id` int(4) NOT NULL,
  `provinsiid` int(2) NOT NULL,
  `nama` varchar(255) CHARACTER SET utf8 COLLATE utf8_unicode_ci NOT NULL,
  PRIMARY KEY (`id`) USING BTREE,
  INDEX `provinsiid`(`provinsiid`) USING BTREE,
  CONSTRAINT `tbkota_ibfk_1` FOREIGN KEY (`provinsiid`) REFERENCES `tbprovinsi` (`id`) ON DELETE RESTRICT ON UPDATE CASCADE
) ENGINE = InnoDB CHARACTER SET = utf8 COLLATE = utf8_unicode_ci ROW_FORMAT = Compact;

-- ----------------------------
-- Records of tbkota
-- ----------------------------
INSERT INTO `tbkota` VALUES (1101, 11, 'KABUPATEN SIMEULUE');
INSERT INTO `tbkota` VALUES (1102, 11, 'KABUPATEN ACEH SINGKIL');
INSERT INTO `tbkota` VALUES (1103, 11, 'KABUPATEN ACEH SELATAN');
INSERT INTO `tbkota` VALUES (1104, 11, 'KABUPATEN ACEH TENGGARA');
INSERT INTO `tbkota` VALUES (1105, 11, 'KABUPATEN ACEH TIMUR');
INSERT INTO `tbkota` VALUES (1106, 11, 'KABUPATEN ACEH TENGAH');
INSERT INTO `tbkota` VALUES (1107, 11, 'KABUPATEN ACEH BARAT');
INSERT INTO `tbkota` VALUES (1108, 11, 'KABUPATEN ACEH BESAR');
INSERT INTO `tbkota` VALUES (1109, 11, 'KABUPATEN PIDIE');
INSERT INTO `tbkota` VALUES (1110, 11, 'KABUPATEN BIREUEN');
INSERT INTO `tbkota` VALUES (1111, 11, 'KABUPATEN ACEH UTARA');
INSERT INTO `tbkota` VALUES (1112, 11, 'KABUPATEN ACEH BARAT DAYA');
INSERT INTO `tbkota` VALUES (1113, 11, 'KABUPATEN GAYO LUES');
INSERT INTO `tbkota` VALUES (1114, 11, 'KABUPATEN ACEH TAMIANG');
INSERT INTO `tbkota` VALUES (1115, 11, 'KABUPATEN NAGAN RAYA');
INSERT INTO `tbkota` VALUES (1116, 11, 'KABUPATEN ACEH JAYA');
INSERT INTO `tbkota` VALUES (1117, 11, 'KABUPATEN BENER MERIAH');
INSERT INTO `tbkota` VALUES (1118, 11, 'KABUPATEN PIDIE JAYA');
INSERT INTO `tbkota` VALUES (1171, 11, 'KOTA BANDA ACEH');
INSERT INTO `tbkota` VALUES (1172, 11, 'KOTA SABANG');
INSERT INTO `tbkota` VALUES (1173, 11, 'KOTA LANGSA');
INSERT INTO `tbkota` VALUES (1174, 11, 'KOTA LHOKSEUMAWE');
INSERT INTO `tbkota` VALUES (1175, 11, 'KOTA SUBULUSSALAM');
INSERT INTO `tbkota` VALUES (1201, 12, 'KABUPATEN NIAS');
INSERT INTO `tbkota` VALUES (1202, 12, 'KABUPATEN MANDAILING NATAL');
INSERT INTO `tbkota` VALUES (1203, 12, 'KABUPATEN TAPANULI SELATAN');
INSERT INTO `tbkota` VALUES (1204, 12, 'KABUPATEN TAPANULI TENGAH');
INSERT INTO `tbkota` VALUES (1205, 12, 'KABUPATEN TAPANULI UTARA');
INSERT INTO `tbkota` VALUES (1206, 12, 'KABUPATEN TOBA SAMOSIR');
INSERT INTO `tbkota` VALUES (1207, 12, 'KABUPATEN LABUHAN BATU');
INSERT INTO `tbkota` VALUES (1208, 12, 'KABUPATEN ASAHAN');
INSERT INTO `tbkota` VALUES (1209, 12, 'KABUPATEN SIMALUNGUN');
INSERT INTO `tbkota` VALUES (1210, 12, 'KABUPATEN DAIRI');
INSERT INTO `tbkota` VALUES (1211, 12, 'KABUPATEN KARO');
INSERT INTO `tbkota` VALUES (1212, 12, 'KABUPATEN DELI SERDANG');
INSERT INTO `tbkota` VALUES (1213, 12, 'KABUPATEN LANGKAT');
INSERT INTO `tbkota` VALUES (1214, 12, 'KABUPATEN NIAS SELATAN');
INSERT INTO `tbkota` VALUES (1215, 12, 'KABUPATEN HUMBANG HASUNDUTAN');
INSERT INTO `tbkota` VALUES (1216, 12, 'KABUPATEN PAKPAK BHARAT');
INSERT INTO `tbkota` VALUES (1217, 12, 'KABUPATEN SAMOSIR');
INSERT INTO `tbkota` VALUES (1218, 12, 'KABUPATEN SERDANG BEDAGAI');
INSERT INTO `tbkota` VALUES (1219, 12, 'KABUPATEN BATU BARA');
INSERT INTO `tbkota` VALUES (1220, 12, 'KABUPATEN PADANG LAWAS UTARA');
INSERT INTO `tbkota` VALUES (1221, 12, 'KABUPATEN PADANG LAWAS');
INSERT INTO `tbkota` VALUES (1222, 12, 'KABUPATEN LABUHAN BATU SELATAN');
INSERT INTO `tbkota` VALUES (1223, 12, 'KABUPATEN LABUHAN BATU UTARA');
INSERT INTO `tbkota` VALUES (1224, 12, 'KABUPATEN NIAS UTARA');
INSERT INTO `tbkota` VALUES (1225, 12, 'KABUPATEN NIAS BARAT');
INSERT INTO `tbkota` VALUES (1271, 12, 'KOTA SIBOLGA');
INSERT INTO `tbkota` VALUES (1272, 12, 'KOTA TANJUNG BALAI');
INSERT INTO `tbkota` VALUES (1273, 12, 'KOTA PEMATANG SIANTAR');
INSERT INTO `tbkota` VALUES (1274, 12, 'KOTA TEBING TINGGI');
INSERT INTO `tbkota` VALUES (1275, 12, 'KOTA MEDAN');
INSERT INTO `tbkota` VALUES (1276, 12, 'KOTA BINJAI');
INSERT INTO `tbkota` VALUES (1277, 12, 'KOTA PADANGSIDIMPUAN');
INSERT INTO `tbkota` VALUES (1278, 12, 'KOTA GUNUNGSITOLI');
INSERT INTO `tbkota` VALUES (1301, 13, 'KABUPATEN KEPULAUAN MENTAWAI');
INSERT INTO `tbkota` VALUES (1302, 13, 'KABUPATEN PESISIR SELATAN');
INSERT INTO `tbkota` VALUES (1303, 13, 'KABUPATEN SOLOK');
INSERT INTO `tbkota` VALUES (1304, 13, 'KABUPATEN SIJUNJUNG');
INSERT INTO `tbkota` VALUES (1305, 13, 'KABUPATEN TANAH DATAR');
INSERT INTO `tbkota` VALUES (1306, 13, 'KABUPATEN PADANG PARIAMAN');
INSERT INTO `tbkota` VALUES (1307, 13, 'KABUPATEN AGAM');
INSERT INTO `tbkota` VALUES (1308, 13, 'KABUPATEN LIMA PULUH KOTA');
INSERT INTO `tbkota` VALUES (1309, 13, 'KABUPATEN PASAMAN');
INSERT INTO `tbkota` VALUES (1310, 13, 'KABUPATEN SOLOK SELATAN');
INSERT INTO `tbkota` VALUES (1311, 13, 'KABUPATEN DHARMASRAYA');
INSERT INTO `tbkota` VALUES (1312, 13, 'KABUPATEN PASAMAN BARAT');
INSERT INTO `tbkota` VALUES (1371, 13, 'KOTA PADANG');
INSERT INTO `tbkota` VALUES (1372, 13, 'KOTA SOLOK');
INSERT INTO `tbkota` VALUES (1373, 13, 'KOTA SAWAH LUNTO');
INSERT INTO `tbkota` VALUES (1374, 13, 'KOTA PADANG PANJANG');
INSERT INTO `tbkota` VALUES (1375, 13, 'KOTA BUKITTINGGI');
INSERT INTO `tbkota` VALUES (1376, 13, 'KOTA PAYAKUMBUH');
INSERT INTO `tbkota` VALUES (1377, 13, 'KOTA PARIAMAN');
INSERT INTO `tbkota` VALUES (1401, 14, 'KABUPATEN KUANTAN SINGINGI');
INSERT INTO `tbkota` VALUES (1402, 14, 'KABUPATEN INDRAGIRI HULU');
INSERT INTO `tbkota` VALUES (1403, 14, 'KABUPATEN INDRAGIRI HILIR');
INSERT INTO `tbkota` VALUES (1404, 14, 'KABUPATEN PELALAWAN');
INSERT INTO `tbkota` VALUES (1405, 14, 'KABUPATEN S I A K');
INSERT INTO `tbkota` VALUES (1406, 14, 'KABUPATEN KAMPAR');
INSERT INTO `tbkota` VALUES (1407, 14, 'KABUPATEN ROKAN HULU');
INSERT INTO `tbkota` VALUES (1408, 14, 'KABUPATEN BENGKALIS');
INSERT INTO `tbkota` VALUES (1409, 14, 'KABUPATEN ROKAN HILIR');
INSERT INTO `tbkota` VALUES (1410, 14, 'KABUPATEN KEPULAUAN MERANTI');
INSERT INTO `tbkota` VALUES (1471, 14, 'KOTA PEKANBARU');
INSERT INTO `tbkota` VALUES (1473, 14, 'KOTA D U M A I');
INSERT INTO `tbkota` VALUES (1501, 15, 'KABUPATEN KERINCI');
INSERT INTO `tbkota` VALUES (1502, 15, 'KABUPATEN MERANGIN');
INSERT INTO `tbkota` VALUES (1503, 15, 'KABUPATEN SAROLANGUN');
INSERT INTO `tbkota` VALUES (1504, 15, 'KABUPATEN BATANG HARI');
INSERT INTO `tbkota` VALUES (1505, 15, 'KABUPATEN MUARO JAMBI');
INSERT INTO `tbkota` VALUES (1506, 15, 'KABUPATEN TANJUNG JABUNG TIMUR');
INSERT INTO `tbkota` VALUES (1507, 15, 'KABUPATEN TANJUNG JABUNG BARAT');
INSERT INTO `tbkota` VALUES (1508, 15, 'KABUPATEN TEBO');
INSERT INTO `tbkota` VALUES (1509, 15, 'KABUPATEN BUNGO');
INSERT INTO `tbkota` VALUES (1571, 15, 'KOTA JAMBI');
INSERT INTO `tbkota` VALUES (1572, 15, 'KOTA SUNGAI PENUH');
INSERT INTO `tbkota` VALUES (1601, 16, 'KABUPATEN OGAN KOMERING ULU');
INSERT INTO `tbkota` VALUES (1602, 16, 'KABUPATEN OGAN KOMERING ILIR');
INSERT INTO `tbkota` VALUES (1603, 16, 'KABUPATEN MUARA ENIM');
INSERT INTO `tbkota` VALUES (1604, 16, 'KABUPATEN LAHAT');
INSERT INTO `tbkota` VALUES (1605, 16, 'KABUPATEN MUSI RAWAS');
INSERT INTO `tbkota` VALUES (1606, 16, 'KABUPATEN MUSI BANYUASIN');
INSERT INTO `tbkota` VALUES (1607, 16, 'KABUPATEN BANYU ASIN');
INSERT INTO `tbkota` VALUES (1608, 16, 'KABUPATEN OGAN KOMERING ULU SELATAN');
INSERT INTO `tbkota` VALUES (1609, 16, 'KABUPATEN OGAN KOMERING ULU TIMUR');
INSERT INTO `tbkota` VALUES (1610, 16, 'KABUPATEN OGAN ILIR');
INSERT INTO `tbkota` VALUES (1611, 16, 'KABUPATEN EMPAT LAWANG');
INSERT INTO `tbkota` VALUES (1612, 16, 'KABUPATEN PENUKAL ABAB LEMATANG ILIR');
INSERT INTO `tbkota` VALUES (1613, 16, 'KABUPATEN MUSI RAWAS UTARA');
INSERT INTO `tbkota` VALUES (1671, 16, 'KOTA PALEMBANG');
INSERT INTO `tbkota` VALUES (1672, 16, 'KOTA PRABUMULIH');
INSERT INTO `tbkota` VALUES (1673, 16, 'KOTA PAGAR ALAM');
INSERT INTO `tbkota` VALUES (1674, 16, 'KOTA LUBUKLINGGAU');
INSERT INTO `tbkota` VALUES (1701, 17, 'KABUPATEN BENGKULU SELATAN');
INSERT INTO `tbkota` VALUES (1702, 17, 'KABUPATEN REJANG LEBONG');
INSERT INTO `tbkota` VALUES (1703, 17, 'KABUPATEN BENGKULU UTARA');
INSERT INTO `tbkota` VALUES (1704, 17, 'KABUPATEN KAUR');
INSERT INTO `tbkota` VALUES (1705, 17, 'KABUPATEN SELUMA');
INSERT INTO `tbkota` VALUES (1706, 17, 'KABUPATEN MUKOMUKO');
INSERT INTO `tbkota` VALUES (1707, 17, 'KABUPATEN LEBONG');
INSERT INTO `tbkota` VALUES (1708, 17, 'KABUPATEN KEPAHIANG');
INSERT INTO `tbkota` VALUES (1709, 17, 'KABUPATEN BENGKULU TENGAH');
INSERT INTO `tbkota` VALUES (1771, 17, 'KOTA BENGKULU');
INSERT INTO `tbkota` VALUES (1801, 18, 'KABUPATEN LAMPUNG BARAT');
INSERT INTO `tbkota` VALUES (1802, 18, 'KABUPATEN TANGGAMUS');
INSERT INTO `tbkota` VALUES (1803, 18, 'KABUPATEN LAMPUNG SELATAN');
INSERT INTO `tbkota` VALUES (1804, 18, 'KABUPATEN LAMPUNG TIMUR');
INSERT INTO `tbkota` VALUES (1805, 18, 'KABUPATEN LAMPUNG TENGAH');
INSERT INTO `tbkota` VALUES (1806, 18, 'KABUPATEN LAMPUNG UTARA');
INSERT INTO `tbkota` VALUES (1807, 18, 'KABUPATEN WAY KANAN');
INSERT INTO `tbkota` VALUES (1808, 18, 'KABUPATEN TULANGBAWANG');
INSERT INTO `tbkota` VALUES (1809, 18, 'KABUPATEN PESAWARAN');
INSERT INTO `tbkota` VALUES (1810, 18, 'KABUPATEN PRINGSEWU');
INSERT INTO `tbkota` VALUES (1811, 18, 'KABUPATEN MESUJI');
INSERT INTO `tbkota` VALUES (1812, 18, 'KABUPATEN TULANG BAWANG BARAT');
INSERT INTO `tbkota` VALUES (1813, 18, 'KABUPATEN PESISIR BARAT');
INSERT INTO `tbkota` VALUES (1871, 18, 'KOTA BANDAR LAMPUNG');
INSERT INTO `tbkota` VALUES (1872, 18, 'KOTA METRO');
INSERT INTO `tbkota` VALUES (1901, 19, 'KABUPATEN BANGKA');
INSERT INTO `tbkota` VALUES (1902, 19, 'KABUPATEN BELITUNG');
INSERT INTO `tbkota` VALUES (1903, 19, 'KABUPATEN BANGKA BARAT');
INSERT INTO `tbkota` VALUES (1904, 19, 'KABUPATEN BANGKA TENGAH');
INSERT INTO `tbkota` VALUES (1905, 19, 'KABUPATEN BANGKA SELATAN');
INSERT INTO `tbkota` VALUES (1906, 19, 'KABUPATEN BELITUNG TIMUR');
INSERT INTO `tbkota` VALUES (1971, 19, 'KOTA PANGKAL PINANG');
INSERT INTO `tbkota` VALUES (2101, 21, 'KABUPATEN KARIMUN');
INSERT INTO `tbkota` VALUES (2102, 21, 'KABUPATEN BINTAN');
INSERT INTO `tbkota` VALUES (2103, 21, 'KABUPATEN NATUNA');
INSERT INTO `tbkota` VALUES (2104, 21, 'KABUPATEN LINGGA');
INSERT INTO `tbkota` VALUES (2105, 21, 'KABUPATEN KEPULAUAN ANAMBAS');
INSERT INTO `tbkota` VALUES (2171, 21, 'KOTA B A T A M');
INSERT INTO `tbkota` VALUES (2172, 21, 'KOTA TANJUNG PINANG');
INSERT INTO `tbkota` VALUES (3101, 31, 'KABUPATEN KEPULAUAN SERIBU');
INSERT INTO `tbkota` VALUES (3171, 31, 'KOTA JAKARTA SELATAN');
INSERT INTO `tbkota` VALUES (3172, 31, 'KOTA JAKARTA TIMUR');
INSERT INTO `tbkota` VALUES (3173, 31, 'KOTA JAKARTA PUSAT');
INSERT INTO `tbkota` VALUES (3174, 31, 'KOTA JAKARTA BARAT');
INSERT INTO `tbkota` VALUES (3175, 31, 'KOTA JAKARTA UTARA');
INSERT INTO `tbkota` VALUES (3201, 32, 'KABUPATEN BOGOR');
INSERT INTO `tbkota` VALUES (3202, 32, 'KABUPATEN SUKABUMI');
INSERT INTO `tbkota` VALUES (3203, 32, 'KABUPATEN CIANJUR');
INSERT INTO `tbkota` VALUES (3204, 32, 'KABUPATEN BANDUNG');
INSERT INTO `tbkota` VALUES (3205, 32, 'KABUPATEN GARUT');
INSERT INTO `tbkota` VALUES (3206, 32, 'KABUPATEN TASIKMALAYA');
INSERT INTO `tbkota` VALUES (3207, 32, 'KABUPATEN CIAMIS');
INSERT INTO `tbkota` VALUES (3208, 32, 'KABUPATEN KUNINGAN');
INSERT INTO `tbkota` VALUES (3209, 32, 'KABUPATEN CIREBON');
INSERT INTO `tbkota` VALUES (3210, 32, 'KABUPATEN MAJALENGKA');
INSERT INTO `tbkota` VALUES (3211, 32, 'KABUPATEN SUMEDANG');
INSERT INTO `tbkota` VALUES (3212, 32, 'KABUPATEN INDRAMAYU');
INSERT INTO `tbkota` VALUES (3213, 32, 'KABUPATEN SUBANG');
INSERT INTO `tbkota` VALUES (3214, 32, 'KABUPATEN PURWAKARTA');
INSERT INTO `tbkota` VALUES (3215, 32, 'KABUPATEN KARAWANG');
INSERT INTO `tbkota` VALUES (3216, 32, 'KABUPATEN BEKASI');
INSERT INTO `tbkota` VALUES (3217, 32, 'KABUPATEN BANDUNG BARAT');
INSERT INTO `tbkota` VALUES (3218, 32, 'KABUPATEN PANGANDARAN');
INSERT INTO `tbkota` VALUES (3271, 32, 'KOTA BOGOR');
INSERT INTO `tbkota` VALUES (3272, 32, 'KOTA SUKABUMI');
INSERT INTO `tbkota` VALUES (3273, 32, 'KOTA BANDUNG');
INSERT INTO `tbkota` VALUES (3274, 32, 'KOTA CIREBON');
INSERT INTO `tbkota` VALUES (3275, 32, 'KOTA BEKASI');
INSERT INTO `tbkota` VALUES (3276, 32, 'KOTA DEPOK');
INSERT INTO `tbkota` VALUES (3277, 32, 'KOTA CIMAHI');
INSERT INTO `tbkota` VALUES (3278, 32, 'KOTA TASIKMALAYA');
INSERT INTO `tbkota` VALUES (3279, 32, 'KOTA BANJAR');
INSERT INTO `tbkota` VALUES (3301, 33, 'KABUPATEN CILACAP');
INSERT INTO `tbkota` VALUES (3302, 33, 'KABUPATEN BANYUMAS');
INSERT INTO `tbkota` VALUES (3303, 33, 'KABUPATEN PURBALINGGA');
INSERT INTO `tbkota` VALUES (3304, 33, 'KABUPATEN BANJARNEGARA');
INSERT INTO `tbkota` VALUES (3305, 33, 'KABUPATEN KEBUMEN');
INSERT INTO `tbkota` VALUES (3306, 33, 'KABUPATEN PURWOREJO');
INSERT INTO `tbkota` VALUES (3307, 33, 'KABUPATEN WONOSOBO');
INSERT INTO `tbkota` VALUES (3308, 33, 'KABUPATEN MAGELANG');
INSERT INTO `tbkota` VALUES (3309, 33, 'KABUPATEN BOYOLALI');
INSERT INTO `tbkota` VALUES (3310, 33, 'KABUPATEN KLATEN');
INSERT INTO `tbkota` VALUES (3311, 33, 'KABUPATEN SUKOHARJO');
INSERT INTO `tbkota` VALUES (3312, 33, 'KABUPATEN WONOGIRI');
INSERT INTO `tbkota` VALUES (3313, 33, 'KABUPATEN KARANGANYAR');
INSERT INTO `tbkota` VALUES (3314, 33, 'KABUPATEN SRAGEN');
INSERT INTO `tbkota` VALUES (3315, 33, 'KABUPATEN GROBOGAN');
INSERT INTO `tbkota` VALUES (3316, 33, 'KABUPATEN BLORA');
INSERT INTO `tbkota` VALUES (3317, 33, 'KABUPATEN REMBANG');
INSERT INTO `tbkota` VALUES (3318, 33, 'KABUPATEN PATI');
INSERT INTO `tbkota` VALUES (3319, 33, 'KABUPATEN KUDUS');
INSERT INTO `tbkota` VALUES (3320, 33, 'KABUPATEN JEPARA');
INSERT INTO `tbkota` VALUES (3321, 33, 'KABUPATEN DEMAK');
INSERT INTO `tbkota` VALUES (3322, 33, 'KABUPATEN SEMARANG');
INSERT INTO `tbkota` VALUES (3323, 33, 'KABUPATEN TEMANGGUNG');
INSERT INTO `tbkota` VALUES (3324, 33, 'KABUPATEN KENDAL');
INSERT INTO `tbkota` VALUES (3325, 33, 'KABUPATEN BATANG');
INSERT INTO `tbkota` VALUES (3326, 33, 'KABUPATEN PEKALONGAN');
INSERT INTO `tbkota` VALUES (3327, 33, 'KABUPATEN PEMALANG');
INSERT INTO `tbkota` VALUES (3328, 33, 'KABUPATEN TEGAL');
INSERT INTO `tbkota` VALUES (3329, 33, 'KABUPATEN BREBES');
INSERT INTO `tbkota` VALUES (3371, 33, 'KOTA MAGELANG');
INSERT INTO `tbkota` VALUES (3372, 33, 'KOTA SURAKARTA');
INSERT INTO `tbkota` VALUES (3373, 33, 'KOTA SALATIGA');
INSERT INTO `tbkota` VALUES (3374, 33, 'KOTA SEMARANG');
INSERT INTO `tbkota` VALUES (3375, 33, 'KOTA PEKALONGAN');
INSERT INTO `tbkota` VALUES (3376, 33, 'KOTA TEGAL');
INSERT INTO `tbkota` VALUES (3401, 34, 'KABUPATEN KULON PROGO');
INSERT INTO `tbkota` VALUES (3402, 34, 'KABUPATEN BANTUL');
INSERT INTO `tbkota` VALUES (3403, 34, 'KABUPATEN GUNUNG KIDUL');
INSERT INTO `tbkota` VALUES (3404, 34, 'KABUPATEN SLEMAN');
INSERT INTO `tbkota` VALUES (3471, 34, 'KOTA YOGYAKARTA');
INSERT INTO `tbkota` VALUES (3501, 35, 'KABUPATEN PACITAN');
INSERT INTO `tbkota` VALUES (3502, 35, 'KABUPATEN PONOROGO');
INSERT INTO `tbkota` VALUES (3503, 35, 'KABUPATEN TRENGGALEK');
INSERT INTO `tbkota` VALUES (3504, 35, 'KABUPATEN TULUNGAGUNG');
INSERT INTO `tbkota` VALUES (3505, 35, 'KABUPATEN BLITAR');
INSERT INTO `tbkota` VALUES (3506, 35, 'KABUPATEN KEDIRI');
INSERT INTO `tbkota` VALUES (3507, 35, 'KABUPATEN MALANG');
INSERT INTO `tbkota` VALUES (3508, 35, 'KABUPATEN LUMAJANG');
INSERT INTO `tbkota` VALUES (3509, 35, 'KABUPATEN JEMBER');
INSERT INTO `tbkota` VALUES (3510, 35, 'KABUPATEN BANYUWANGI');
INSERT INTO `tbkota` VALUES (3511, 35, 'KABUPATEN BONDOWOSO');
INSERT INTO `tbkota` VALUES (3512, 35, 'KABUPATEN SITUBONDO');
INSERT INTO `tbkota` VALUES (3513, 35, 'KABUPATEN PROBOLINGGO');
INSERT INTO `tbkota` VALUES (3514, 35, 'KABUPATEN PASURUAN');
INSERT INTO `tbkota` VALUES (3515, 35, 'KABUPATEN SIDOARJO');
INSERT INTO `tbkota` VALUES (3516, 35, 'KABUPATEN MOJOKERTO');
INSERT INTO `tbkota` VALUES (3517, 35, 'KABUPATEN JOMBANG');
INSERT INTO `tbkota` VALUES (3518, 35, 'KABUPATEN NGANJUK');
INSERT INTO `tbkota` VALUES (3519, 35, 'KABUPATEN MADIUN');
INSERT INTO `tbkota` VALUES (3520, 35, 'KABUPATEN MAGETAN');
INSERT INTO `tbkota` VALUES (3521, 35, 'KABUPATEN NGAWI');
INSERT INTO `tbkota` VALUES (3522, 35, 'KABUPATEN BOJONEGORO');
INSERT INTO `tbkota` VALUES (3523, 35, 'KABUPATEN TUBAN');
INSERT INTO `tbkota` VALUES (3524, 35, 'KABUPATEN LAMONGAN');
INSERT INTO `tbkota` VALUES (3525, 35, 'KABUPATEN GRESIK');
INSERT INTO `tbkota` VALUES (3526, 35, 'KABUPATEN BANGKALAN');
INSERT INTO `tbkota` VALUES (3527, 35, 'KABUPATEN SAMPANG');
INSERT INTO `tbkota` VALUES (3528, 35, 'KABUPATEN PAMEKASAN');
INSERT INTO `tbkota` VALUES (3529, 35, 'KABUPATEN SUMENEP');
INSERT INTO `tbkota` VALUES (3571, 35, 'KOTA KEDIRI');
INSERT INTO `tbkota` VALUES (3572, 35, 'KOTA BLITAR');
INSERT INTO `tbkota` VALUES (3573, 35, 'KOTA MALANG');
INSERT INTO `tbkota` VALUES (3574, 35, 'KOTA PROBOLINGGO');
INSERT INTO `tbkota` VALUES (3575, 35, 'KOTA PASURUAN');
INSERT INTO `tbkota` VALUES (3576, 35, 'KOTA MOJOKERTO');
INSERT INTO `tbkota` VALUES (3577, 35, 'KOTA MADIUN');
INSERT INTO `tbkota` VALUES (3578, 35, 'KOTA SURABAYA');
INSERT INTO `tbkota` VALUES (3579, 35, 'KOTA BATU');
INSERT INTO `tbkota` VALUES (3601, 36, 'KABUPATEN PANDEGLANG');
INSERT INTO `tbkota` VALUES (3602, 36, 'KABUPATEN LEBAK');
INSERT INTO `tbkota` VALUES (3603, 36, 'KABUPATEN TANGERANG');
INSERT INTO `tbkota` VALUES (3604, 36, 'KABUPATEN SERANG');
INSERT INTO `tbkota` VALUES (3671, 36, 'KOTA TANGERANG');
INSERT INTO `tbkota` VALUES (3672, 36, 'KOTA CILEGON');
INSERT INTO `tbkota` VALUES (3673, 36, 'KOTA SERANG');
INSERT INTO `tbkota` VALUES (3674, 36, 'KOTA TANGERANG SELATAN');
INSERT INTO `tbkota` VALUES (5101, 51, 'KABUPATEN JEMBRANA');
INSERT INTO `tbkota` VALUES (5102, 51, 'KABUPATEN TABANAN');
INSERT INTO `tbkota` VALUES (5103, 51, 'KABUPATEN BADUNG');
INSERT INTO `tbkota` VALUES (5104, 51, 'KABUPATEN GIANYAR');
INSERT INTO `tbkota` VALUES (5105, 51, 'KABUPATEN KLUNGKUNG');
INSERT INTO `tbkota` VALUES (5106, 51, 'KABUPATEN BANGLI');
INSERT INTO `tbkota` VALUES (5107, 51, 'KABUPATEN KARANG ASEM');
INSERT INTO `tbkota` VALUES (5108, 51, 'KABUPATEN BULELENG');
INSERT INTO `tbkota` VALUES (5171, 51, 'KOTA DENPASAR');
INSERT INTO `tbkota` VALUES (5201, 52, 'KABUPATEN LOMBOK BARAT');
INSERT INTO `tbkota` VALUES (5202, 52, 'KABUPATEN LOMBOK TENGAH');
INSERT INTO `tbkota` VALUES (5203, 52, 'KABUPATEN LOMBOK TIMUR');
INSERT INTO `tbkota` VALUES (5204, 52, 'KABUPATEN SUMBAWA');
INSERT INTO `tbkota` VALUES (5205, 52, 'KABUPATEN DOMPU');
INSERT INTO `tbkota` VALUES (5206, 52, 'KABUPATEN BIMA');
INSERT INTO `tbkota` VALUES (5207, 52, 'KABUPATEN SUMBAWA BARAT');
INSERT INTO `tbkota` VALUES (5208, 52, 'KABUPATEN LOMBOK UTARA');
INSERT INTO `tbkota` VALUES (5271, 52, 'KOTA MATARAM');
INSERT INTO `tbkota` VALUES (5272, 52, 'KOTA BIMA');
INSERT INTO `tbkota` VALUES (5301, 53, 'KABUPATEN SUMBA BARAT');
INSERT INTO `tbkota` VALUES (5302, 53, 'KABUPATEN SUMBA TIMUR');
INSERT INTO `tbkota` VALUES (5303, 53, 'KABUPATEN KUPANG');
INSERT INTO `tbkota` VALUES (5304, 53, 'KABUPATEN TIMOR TENGAH SELATAN');
INSERT INTO `tbkota` VALUES (5305, 53, 'KABUPATEN TIMOR TENGAH UTARA');
INSERT INTO `tbkota` VALUES (5306, 53, 'KABUPATEN BELU');
INSERT INTO `tbkota` VALUES (5307, 53, 'KABUPATEN ALOR');
INSERT INTO `tbkota` VALUES (5308, 53, 'KABUPATEN LEMBATA');
INSERT INTO `tbkota` VALUES (5309, 53, 'KABUPATEN FLORES TIMUR');
INSERT INTO `tbkota` VALUES (5310, 53, 'KABUPATEN SIKKA');
INSERT INTO `tbkota` VALUES (5311, 53, 'KABUPATEN ENDE');
INSERT INTO `tbkota` VALUES (5312, 53, 'KABUPATEN NGADA');
INSERT INTO `tbkota` VALUES (5313, 53, 'KABUPATEN MANGGARAI');
INSERT INTO `tbkota` VALUES (5314, 53, 'KABUPATEN ROTE NDAO');
INSERT INTO `tbkota` VALUES (5315, 53, 'KABUPATEN MANGGARAI BARAT');
INSERT INTO `tbkota` VALUES (5316, 53, 'KABUPATEN SUMBA TENGAH');
INSERT INTO `tbkota` VALUES (5317, 53, 'KABUPATEN SUMBA BARAT DAYA');
INSERT INTO `tbkota` VALUES (5318, 53, 'KABUPATEN NAGEKEO');
INSERT INTO `tbkota` VALUES (5319, 53, 'KABUPATEN MANGGARAI TIMUR');
INSERT INTO `tbkota` VALUES (5320, 53, 'KABUPATEN SABU RAIJUA');
INSERT INTO `tbkota` VALUES (5321, 53, 'KABUPATEN MALAKA');
INSERT INTO `tbkota` VALUES (5371, 53, 'KOTA KUPANG');
INSERT INTO `tbkota` VALUES (6101, 61, 'KABUPATEN SAMBAS');
INSERT INTO `tbkota` VALUES (6102, 61, 'KABUPATEN BENGKAYANG');
INSERT INTO `tbkota` VALUES (6103, 61, 'KABUPATEN LANDAK');
INSERT INTO `tbkota` VALUES (6104, 61, 'KABUPATEN MEMPAWAH');
INSERT INTO `tbkota` VALUES (6105, 61, 'KABUPATEN SANGGAU');
INSERT INTO `tbkota` VALUES (6106, 61, 'KABUPATEN KETAPANG');
INSERT INTO `tbkota` VALUES (6107, 61, 'KABUPATEN SINTANG');
INSERT INTO `tbkota` VALUES (6108, 61, 'KABUPATEN KAPUAS HULU');
INSERT INTO `tbkota` VALUES (6109, 61, 'KABUPATEN SEKADAU');
INSERT INTO `tbkota` VALUES (6110, 61, 'KABUPATEN MELAWI');
INSERT INTO `tbkota` VALUES (6111, 61, 'KABUPATEN KAYONG UTARA');
INSERT INTO `tbkota` VALUES (6112, 61, 'KABUPATEN KUBU RAYA');
INSERT INTO `tbkota` VALUES (6171, 61, 'KOTA PONTIANAK');
INSERT INTO `tbkota` VALUES (6172, 61, 'KOTA SINGKAWANG');
INSERT INTO `tbkota` VALUES (6201, 62, 'KABUPATEN KOTAWARINGIN BARAT');
INSERT INTO `tbkota` VALUES (6202, 62, 'KABUPATEN KOTAWARINGIN TIMUR');
INSERT INTO `tbkota` VALUES (6203, 62, 'KABUPATEN KAPUAS');
INSERT INTO `tbkota` VALUES (6204, 62, 'KABUPATEN BARITO SELATAN');
INSERT INTO `tbkota` VALUES (6205, 62, 'KABUPATEN BARITO UTARA');
INSERT INTO `tbkota` VALUES (6206, 62, 'KABUPATEN SUKAMARA');
INSERT INTO `tbkota` VALUES (6207, 62, 'KABUPATEN LAMANDAU');
INSERT INTO `tbkota` VALUES (6208, 62, 'KABUPATEN SERUYAN');
INSERT INTO `tbkota` VALUES (6209, 62, 'KABUPATEN KATINGAN');
INSERT INTO `tbkota` VALUES (6210, 62, 'KABUPATEN PULANG PISAU');
INSERT INTO `tbkota` VALUES (6211, 62, 'KABUPATEN GUNUNG MAS');
INSERT INTO `tbkota` VALUES (6212, 62, 'KABUPATEN BARITO TIMUR');
INSERT INTO `tbkota` VALUES (6213, 62, 'KABUPATEN MURUNG RAYA');
INSERT INTO `tbkota` VALUES (6271, 62, 'KOTA PALANGKA RAYA');
INSERT INTO `tbkota` VALUES (6301, 63, 'KABUPATEN TANAH LAUT');
INSERT INTO `tbkota` VALUES (6302, 63, 'KABUPATEN KOTA BARU');
INSERT INTO `tbkota` VALUES (6303, 63, 'KABUPATEN BANJAR');
INSERT INTO `tbkota` VALUES (6304, 63, 'KABUPATEN BARITO KUALA');
INSERT INTO `tbkota` VALUES (6305, 63, 'KABUPATEN TAPIN');
INSERT INTO `tbkota` VALUES (6306, 63, 'KABUPATEN HULU SUNGAI SELATAN');
INSERT INTO `tbkota` VALUES (6307, 63, 'KABUPATEN HULU SUNGAI TENGAH');
INSERT INTO `tbkota` VALUES (6308, 63, 'KABUPATEN HULU SUNGAI UTARA');
INSERT INTO `tbkota` VALUES (6309, 63, 'KABUPATEN TABALONG');
INSERT INTO `tbkota` VALUES (6310, 63, 'KABUPATEN TANAH BUMBU');
INSERT INTO `tbkota` VALUES (6311, 63, 'KABUPATEN BALANGAN');
INSERT INTO `tbkota` VALUES (6371, 63, 'KOTA BANJARMASIN');
INSERT INTO `tbkota` VALUES (6372, 63, 'KOTA BANJAR BARU');
INSERT INTO `tbkota` VALUES (6401, 64, 'KABUPATEN PASER');
INSERT INTO `tbkota` VALUES (6402, 64, 'KABUPATEN KUTAI BARAT');
INSERT INTO `tbkota` VALUES (6403, 64, 'KABUPATEN KUTAI KARTANEGARA');
INSERT INTO `tbkota` VALUES (6404, 64, 'KABUPATEN KUTAI TIMUR');
INSERT INTO `tbkota` VALUES (6405, 64, 'KABUPATEN BERAU');
INSERT INTO `tbkota` VALUES (6409, 64, 'KABUPATEN PENAJAM PASER UTARA');
INSERT INTO `tbkota` VALUES (6411, 64, 'KABUPATEN MAHAKAM HULU');
INSERT INTO `tbkota` VALUES (6471, 64, 'KOTA BALIKPAPAN');
INSERT INTO `tbkota` VALUES (6472, 64, 'KOTA SAMARINDA');
INSERT INTO `tbkota` VALUES (6474, 64, 'KOTA BONTANG');
INSERT INTO `tbkota` VALUES (6501, 65, 'KABUPATEN MALINAU');
INSERT INTO `tbkota` VALUES (6502, 65, 'KABUPATEN BULUNGAN');
INSERT INTO `tbkota` VALUES (6503, 65, 'KABUPATEN TANA TIDUNG');
INSERT INTO `tbkota` VALUES (6504, 65, 'KABUPATEN NUNUKAN');
INSERT INTO `tbkota` VALUES (6571, 65, 'KOTA TARAKAN');
INSERT INTO `tbkota` VALUES (7101, 71, 'KABUPATEN BOLAANG MONGONDOW');
INSERT INTO `tbkota` VALUES (7102, 71, 'KABUPATEN MINAHASA');
INSERT INTO `tbkota` VALUES (7103, 71, 'KABUPATEN KEPULAUAN SANGIHE');
INSERT INTO `tbkota` VALUES (7104, 71, 'KABUPATEN KEPULAUAN TALAUD');
INSERT INTO `tbkota` VALUES (7105, 71, 'KABUPATEN MINAHASA SELATAN');
INSERT INTO `tbkota` VALUES (7106, 71, 'KABUPATEN MINAHASA UTARA');
INSERT INTO `tbkota` VALUES (7107, 71, 'KABUPATEN BOLAANG MONGONDOW UTARA');
INSERT INTO `tbkota` VALUES (7108, 71, 'KABUPATEN SIAU TAGULANDANG BIARO');
INSERT INTO `tbkota` VALUES (7109, 71, 'KABUPATEN MINAHASA TENGGARA');
INSERT INTO `tbkota` VALUES (7110, 71, 'KABUPATEN BOLAANG MONGONDOW SELATAN');
INSERT INTO `tbkota` VALUES (7111, 71, 'KABUPATEN BOLAANG MONGONDOW TIMUR');
INSERT INTO `tbkota` VALUES (7171, 71, 'KOTA MANADO');
INSERT INTO `tbkota` VALUES (7172, 71, 'KOTA BITUNG');
INSERT INTO `tbkota` VALUES (7173, 71, 'KOTA TOMOHON');
INSERT INTO `tbkota` VALUES (7174, 71, 'KOTA KOTAMOBAGU');
INSERT INTO `tbkota` VALUES (7201, 72, 'KABUPATEN BANGGAI KEPULAUAN');
INSERT INTO `tbkota` VALUES (7202, 72, 'KABUPATEN BANGGAI');
INSERT INTO `tbkota` VALUES (7203, 72, 'KABUPATEN MOROWALI');
INSERT INTO `tbkota` VALUES (7204, 72, 'KABUPATEN POSO');
INSERT INTO `tbkota` VALUES (7205, 72, 'KABUPATEN DONGGALA');
INSERT INTO `tbkota` VALUES (7206, 72, 'KABUPATEN TOLI-TOLI');
INSERT INTO `tbkota` VALUES (7207, 72, 'KABUPATEN BUOL');
INSERT INTO `tbkota` VALUES (7208, 72, 'KABUPATEN PARIGI MOUTONG');
INSERT INTO `tbkota` VALUES (7209, 72, 'KABUPATEN TOJO UNA-UNA');
INSERT INTO `tbkota` VALUES (7210, 72, 'KABUPATEN SIGI');
INSERT INTO `tbkota` VALUES (7211, 72, 'KABUPATEN BANGGAI LAUT');
INSERT INTO `tbkota` VALUES (7212, 72, 'KABUPATEN MOROWALI UTARA');
INSERT INTO `tbkota` VALUES (7271, 72, 'KOTA PALU');
INSERT INTO `tbkota` VALUES (7301, 73, 'KABUPATEN KEPULAUAN SELAYAR');
INSERT INTO `tbkota` VALUES (7302, 73, 'KABUPATEN BULUKUMBA');
INSERT INTO `tbkota` VALUES (7303, 73, 'KABUPATEN BANTAENG');
INSERT INTO `tbkota` VALUES (7304, 73, 'KABUPATEN JENEPONTO');
INSERT INTO `tbkota` VALUES (7305, 73, 'KABUPATEN TAKALAR');
INSERT INTO `tbkota` VALUES (7306, 73, 'KABUPATEN GOWA');
INSERT INTO `tbkota` VALUES (7307, 73, 'KABUPATEN SINJAI');
INSERT INTO `tbkota` VALUES (7308, 73, 'KABUPATEN MAROS');
INSERT INTO `tbkota` VALUES (7309, 73, 'KABUPATEN PANGKAJENE DAN KEPULAUAN');
INSERT INTO `tbkota` VALUES (7310, 73, 'KABUPATEN BARRU');
INSERT INTO `tbkota` VALUES (7311, 73, 'KABUPATEN BONE');
INSERT INTO `tbkota` VALUES (7312, 73, 'KABUPATEN SOPPENG');
INSERT INTO `tbkota` VALUES (7313, 73, 'KABUPATEN WAJO');
INSERT INTO `tbkota` VALUES (7314, 73, 'KABUPATEN SIDENRENG RAPPANG');
INSERT INTO `tbkota` VALUES (7315, 73, 'KABUPATEN PINRANG');
INSERT INTO `tbkota` VALUES (7316, 73, 'KABUPATEN ENREKANG');
INSERT INTO `tbkota` VALUES (7317, 73, 'KABUPATEN LUWU');
INSERT INTO `tbkota` VALUES (7318, 73, 'KABUPATEN TANA TORAJA');
INSERT INTO `tbkota` VALUES (7322, 73, 'KABUPATEN LUWU UTARA');
INSERT INTO `tbkota` VALUES (7325, 73, 'KABUPATEN LUWU TIMUR');
INSERT INTO `tbkota` VALUES (7326, 73, 'KABUPATEN TORAJA UTARA');
INSERT INTO `tbkota` VALUES (7371, 73, 'KOTA MAKASSAR');
INSERT INTO `tbkota` VALUES (7372, 73, 'KOTA PAREPARE');
INSERT INTO `tbkota` VALUES (7373, 73, 'KOTA PALOPO');
INSERT INTO `tbkota` VALUES (7401, 74, 'KABUPATEN BUTON');
INSERT INTO `tbkota` VALUES (7402, 74, 'KABUPATEN MUNA');
INSERT INTO `tbkota` VALUES (7403, 74, 'KABUPATEN KONAWE');
INSERT INTO `tbkota` VALUES (7404, 74, 'KABUPATEN KOLAKA');
INSERT INTO `tbkota` VALUES (7405, 74, 'KABUPATEN KONAWE SELATAN');
INSERT INTO `tbkota` VALUES (7406, 74, 'KABUPATEN BOMBANA');
INSERT INTO `tbkota` VALUES (7407, 74, 'KABUPATEN WAKATOBI');
INSERT INTO `tbkota` VALUES (7408, 74, 'KABUPATEN KOLAKA UTARA');
INSERT INTO `tbkota` VALUES (7409, 74, 'KABUPATEN BUTON UTARA');
INSERT INTO `tbkota` VALUES (7410, 74, 'KABUPATEN KONAWE UTARA');
INSERT INTO `tbkota` VALUES (7411, 74, 'KABUPATEN KOLAKA TIMUR');
INSERT INTO `tbkota` VALUES (7412, 74, 'KABUPATEN KONAWE KEPULAUAN');
INSERT INTO `tbkota` VALUES (7413, 74, 'KABUPATEN MUNA BARAT');
INSERT INTO `tbkota` VALUES (7414, 74, 'KABUPATEN BUTON TENGAH');
INSERT INTO `tbkota` VALUES (7415, 74, 'KABUPATEN BUTON SELATAN');
INSERT INTO `tbkota` VALUES (7471, 74, 'KOTA KENDARI');
INSERT INTO `tbkota` VALUES (7472, 74, 'KOTA BAUBAU');
INSERT INTO `tbkota` VALUES (7501, 75, 'KABUPATEN BOALEMO');
INSERT INTO `tbkota` VALUES (7502, 75, 'KABUPATEN GORONTALO');
INSERT INTO `tbkota` VALUES (7503, 75, 'KABUPATEN POHUWATO');
INSERT INTO `tbkota` VALUES (7504, 75, 'KABUPATEN BONE BOLANGO');
INSERT INTO `tbkota` VALUES (7505, 75, 'KABUPATEN GORONTALO UTARA');
INSERT INTO `tbkota` VALUES (7571, 75, 'KOTA GORONTALO');
INSERT INTO `tbkota` VALUES (7601, 76, 'KABUPATEN MAJENE');
INSERT INTO `tbkota` VALUES (7602, 76, 'KABUPATEN POLEWALI MANDAR');
INSERT INTO `tbkota` VALUES (7603, 76, 'KABUPATEN MAMASA');
INSERT INTO `tbkota` VALUES (7604, 76, 'KABUPATEN MAMUJU');
INSERT INTO `tbkota` VALUES (7605, 76, 'KABUPATEN MAMUJU UTARA');
INSERT INTO `tbkota` VALUES (7606, 76, 'KABUPATEN MAMUJU TENGAH');
INSERT INTO `tbkota` VALUES (8101, 81, 'KABUPATEN MALUKU TENGGARA BARAT');
INSERT INTO `tbkota` VALUES (8102, 81, 'KABUPATEN MALUKU TENGGARA');
INSERT INTO `tbkota` VALUES (8103, 81, 'KABUPATEN MALUKU TENGAH');
INSERT INTO `tbkota` VALUES (8104, 81, 'KABUPATEN BURU');
INSERT INTO `tbkota` VALUES (8105, 81, 'KABUPATEN KEPULAUAN ARU');
INSERT INTO `tbkota` VALUES (8106, 81, 'KABUPATEN SERAM BAGIAN BARAT');
INSERT INTO `tbkota` VALUES (8107, 81, 'KABUPATEN SERAM BAGIAN TIMUR');
INSERT INTO `tbkota` VALUES (8108, 81, 'KABUPATEN MALUKU BARAT DAYA');
INSERT INTO `tbkota` VALUES (8109, 81, 'KABUPATEN BURU SELATAN');
INSERT INTO `tbkota` VALUES (8171, 81, 'KOTA AMBON');
INSERT INTO `tbkota` VALUES (8172, 81, 'KOTA TUAL');
INSERT INTO `tbkota` VALUES (8201, 82, 'KABUPATEN HALMAHERA BARAT');
INSERT INTO `tbkota` VALUES (8202, 82, 'KABUPATEN HALMAHERA TENGAH');
INSERT INTO `tbkota` VALUES (8203, 82, 'KABUPATEN KEPULAUAN SULA');
INSERT INTO `tbkota` VALUES (8204, 82, 'KABUPATEN HALMAHERA SELATAN');
INSERT INTO `tbkota` VALUES (8205, 82, 'KABUPATEN HALMAHERA UTARA');
INSERT INTO `tbkota` VALUES (8206, 82, 'KABUPATEN HALMAHERA TIMUR');
INSERT INTO `tbkota` VALUES (8207, 82, 'KABUPATEN PULAU MOROTAI');
INSERT INTO `tbkota` VALUES (8208, 82, 'KABUPATEN PULAU TALIABU');
INSERT INTO `tbkota` VALUES (8271, 82, 'KOTA TERNATE');
INSERT INTO `tbkota` VALUES (8272, 82, 'KOTA TIDORE KEPULAUAN');
INSERT INTO `tbkota` VALUES (9101, 91, 'KABUPATEN FAKFAK');
INSERT INTO `tbkota` VALUES (9102, 91, 'KABUPATEN KAIMANA');
INSERT INTO `tbkota` VALUES (9103, 91, 'KABUPATEN TELUK WONDAMA');
INSERT INTO `tbkota` VALUES (9104, 91, 'KABUPATEN TELUK BINTUNI');
INSERT INTO `tbkota` VALUES (9105, 91, 'KABUPATEN MANOKWARI');
INSERT INTO `tbkota` VALUES (9106, 91, 'KABUPATEN SORONG SELATAN');
INSERT INTO `tbkota` VALUES (9107, 91, 'KABUPATEN SORONG');
INSERT INTO `tbkota` VALUES (9108, 91, 'KABUPATEN RAJA AMPAT');
INSERT INTO `tbkota` VALUES (9109, 91, 'KABUPATEN TAMBRAUW');
INSERT INTO `tbkota` VALUES (9110, 91, 'KABUPATEN MAYBRAT');
INSERT INTO `tbkota` VALUES (9111, 91, 'KABUPATEN MANOKWARI SELATAN');
INSERT INTO `tbkota` VALUES (9112, 91, 'KABUPATEN PEGUNUNGAN ARFAK');
INSERT INTO `tbkota` VALUES (9171, 91, 'KOTA SORONG');
INSERT INTO `tbkota` VALUES (9401, 94, 'KABUPATEN MERAUKE');
INSERT INTO `tbkota` VALUES (9402, 94, 'KABUPATEN JAYAWIJAYA');
INSERT INTO `tbkota` VALUES (9403, 94, 'KABUPATEN JAYAPURA');
INSERT INTO `tbkota` VALUES (9404, 94, 'KABUPATEN NABIRE');
INSERT INTO `tbkota` VALUES (9408, 94, 'KABUPATEN KEPULAUAN YAPEN');
INSERT INTO `tbkota` VALUES (9409, 94, 'KABUPATEN BIAK NUMFOR');
INSERT INTO `tbkota` VALUES (9410, 94, 'KABUPATEN PANIAI');
INSERT INTO `tbkota` VALUES (9411, 94, 'KABUPATEN PUNCAK JAYA');
INSERT INTO `tbkota` VALUES (9412, 94, 'KABUPATEN MIMIKA');
INSERT INTO `tbkota` VALUES (9413, 94, 'KABUPATEN BOVEN DIGOEL');
INSERT INTO `tbkota` VALUES (9414, 94, 'KABUPATEN MAPPI');
INSERT INTO `tbkota` VALUES (9415, 94, 'KABUPATEN ASMAT');
INSERT INTO `tbkota` VALUES (9416, 94, 'KABUPATEN YAHUKIMO');
INSERT INTO `tbkota` VALUES (9417, 94, 'KABUPATEN PEGUNUNGAN BINTANG');
INSERT INTO `tbkota` VALUES (9418, 94, 'KABUPATEN TOLIKARA');
INSERT INTO `tbkota` VALUES (9419, 94, 'KABUPATEN SARMI');
INSERT INTO `tbkota` VALUES (9420, 94, 'KABUPATEN KEEROM');
INSERT INTO `tbkota` VALUES (9426, 94, 'KABUPATEN WAROPEN');
INSERT INTO `tbkota` VALUES (9427, 94, 'KABUPATEN SUPIORI');
INSERT INTO `tbkota` VALUES (9428, 94, 'KABUPATEN MAMBERAMO RAYA');
INSERT INTO `tbkota` VALUES (9429, 94, 'KABUPATEN NDUGA');
INSERT INTO `tbkota` VALUES (9430, 94, 'KABUPATEN LANNY JAYA');
INSERT INTO `tbkota` VALUES (9431, 94, 'KABUPATEN MAMBERAMO TENGAH');
INSERT INTO `tbkota` VALUES (9432, 94, 'KABUPATEN YALIMO');
INSERT INTO `tbkota` VALUES (9433, 94, 'KABUPATEN PUNCAK');
INSERT INTO `tbkota` VALUES (9434, 94, 'KABUPATEN DOGIYAI');
INSERT INTO `tbkota` VALUES (9435, 94, 'KABUPATEN INTAN JAYA');
INSERT INTO `tbkota` VALUES (9436, 94, 'KABUPATEN DEIYAI');
INSERT INTO `tbkota` VALUES (9471, 94, 'KOTA JAYAPURA');

-- ----------------------------
-- Table structure for tbkurir
-- ----------------------------
DROP TABLE IF EXISTS `tbkurir`;
CREATE TABLE `tbkurir`  (
  `id` int(11) NOT NULL AUTO_INCREMENT,
  `nama` varchar(255) CHARACTER SET latin1 COLLATE latin1_swedish_ci NOT NULL,
  PRIMARY KEY (`id`) USING BTREE
) ENGINE = InnoDB AUTO_INCREMENT = 2 CHARACTER SET = latin1 COLLATE = latin1_swedish_ci ROW_FORMAT = Compact;

-- ----------------------------
-- Records of tbkurir
-- ----------------------------
INSERT INTO `tbkurir` VALUES (1, 'JNE');

-- ----------------------------
-- Table structure for tblog_aktivitas_pengguna
-- ----------------------------
DROP TABLE IF EXISTS `tblog_aktivitas_pengguna`;
CREATE TABLE `tblog_aktivitas_pengguna`  (
  `id` int(11) NOT NULL AUTO_INCREMENT,
  `namadepan` varchar(255) CHARACTER SET latin1 COLLATE latin1_swedish_ci NOT NULL,
  `email` int(11) NOT NULL,
  `menuid` int(11) NOT NULL,
  `aktivitas` enum('TAMBAH','UBAH','HAPUS') CHARACTER SET latin1 COLLATE latin1_swedish_ci NULL DEFAULT NULL,
  `targetid` int(11) NOT NULL,
  `deskripsi` text CHARACTER SET latin1 COLLATE latin1_swedish_ci NULL,
  `waktu` timestamp(0) NOT NULL DEFAULT CURRENT_TIMESTAMP,
  PRIMARY KEY (`id`) USING BTREE
) ENGINE = InnoDB AUTO_INCREMENT = 1 CHARACTER SET = latin1 COLLATE = latin1_swedish_ci ROW_FORMAT = Compact;

-- ----------------------------
-- Table structure for tblog_login
-- ----------------------------
DROP TABLE IF EXISTS `tblog_login`;
CREATE TABLE `tblog_login`  (
  `id` int(11) NOT NULL AUTO_INCREMENT,
  `ipaddress` varchar(45) CHARACTER SET latin1 COLLATE latin1_swedish_ci NOT NULL,
  `penggunaid` int(11) NOT NULL,
  `waktu` timestamp(0) NOT NULL DEFAULT CURRENT_TIMESTAMP,
  PRIMARY KEY (`id`) USING BTREE,
  INDEX `tblog_login_ibfk_1`(`penggunaid`) USING BTREE,
  CONSTRAINT `tblog_login_ibfk_1` FOREIGN KEY (`penggunaid`) REFERENCES `tbpengguna` (`id`) ON DELETE CASCADE ON UPDATE CASCADE
) ENGINE = InnoDB AUTO_INCREMENT = 60 CHARACTER SET = latin1 COLLATE = latin1_swedish_ci ROW_FORMAT = Compact;

-- ----------------------------
-- Records of tblog_login
-- ----------------------------
INSERT INTO `tblog_login` VALUES (19, '::1', 1, '2018-01-18 12:43:22');
INSERT INTO `tblog_login` VALUES (20, '::1', 1, '2018-01-18 12:46:01');
INSERT INTO `tblog_login` VALUES (21, '::1', 1, '2018-01-18 12:47:06');
INSERT INTO `tblog_login` VALUES (22, '::1', 1, '2018-01-18 12:49:47');
INSERT INTO `tblog_login` VALUES (23, '::1', 1, '2018-01-18 13:02:22');
INSERT INTO `tblog_login` VALUES (24, '::1', 1, '2018-01-18 15:02:07');
INSERT INTO `tblog_login` VALUES (25, '::1', 1, '2018-01-18 17:17:28');
INSERT INTO `tblog_login` VALUES (27, '::1', 1, '2018-01-19 15:33:56');
INSERT INTO `tblog_login` VALUES (28, '::1', 1, '2018-01-22 09:09:11');
INSERT INTO `tblog_login` VALUES (29, '::1', 1, '2018-01-22 09:15:57');
INSERT INTO `tblog_login` VALUES (30, '::1', 1, '2018-01-22 09:15:57');
INSERT INTO `tblog_login` VALUES (31, '::1', 1, '2018-01-22 09:19:25');
INSERT INTO `tblog_login` VALUES (32, '::1', 1, '2018-01-22 10:17:55');
INSERT INTO `tblog_login` VALUES (33, '::1', 1, '2018-01-22 11:33:59');
INSERT INTO `tblog_login` VALUES (36, '::1', 1, '2018-01-22 14:21:50');
INSERT INTO `tblog_login` VALUES (38, '::1', 1, '2018-01-22 14:39:19');
INSERT INTO `tblog_login` VALUES (39, '::1', 1, '2018-01-22 16:48:56');
INSERT INTO `tblog_login` VALUES (40, '::1', 1, '2018-01-23 09:46:27');
INSERT INTO `tblog_login` VALUES (41, '::1', 1, '2018-01-23 11:32:44');
INSERT INTO `tblog_login` VALUES (42, '::1', 19, '2018-01-23 11:59:13');
INSERT INTO `tblog_login` VALUES (43, '::1', 1, '2018-01-23 12:06:45');
INSERT INTO `tblog_login` VALUES (44, '::1', 1, '2018-01-23 16:08:58');
INSERT INTO `tblog_login` VALUES (45, '::1', 1, '2018-01-23 17:24:07');
INSERT INTO `tblog_login` VALUES (46, '::1', 1, '2018-01-24 09:16:33');
INSERT INTO `tblog_login` VALUES (47, '::1', 19, '2018-01-24 09:24:19');
INSERT INTO `tblog_login` VALUES (48, '::1', 1, '2018-01-24 09:29:19');
INSERT INTO `tblog_login` VALUES (49, '::1', 1, '2018-01-24 10:28:09');
INSERT INTO `tblog_login` VALUES (50, '::1', 1, '2018-01-24 10:44:40');
INSERT INTO `tblog_login` VALUES (51, '::1', 1, '2018-01-24 10:47:17');
INSERT INTO `tblog_login` VALUES (52, '::1', 1, '2018-01-24 10:50:01');
INSERT INTO `tblog_login` VALUES (53, '::1', 1, '2018-01-24 11:09:35');
INSERT INTO `tblog_login` VALUES (54, '::1', 1, '2018-01-24 11:15:01');
INSERT INTO `tblog_login` VALUES (55, '::1', 1, '2018-01-24 11:15:09');
INSERT INTO `tblog_login` VALUES (56, '::1', 1, '2018-01-24 11:18:34');
INSERT INTO `tblog_login` VALUES (57, '::1', 1, '2018-01-24 11:30:54');
INSERT INTO `tblog_login` VALUES (58, '::1', 1, '2018-01-24 11:54:17');
INSERT INTO `tblog_login` VALUES (59, '::1', 1, '2018-01-24 13:38:57');

-- ----------------------------
-- Table structure for tbmenu
-- ----------------------------
DROP TABLE IF EXISTS `tbmenu`;
CREATE TABLE `tbmenu`  (
  `id` int(11) NOT NULL AUTO_INCREMENT,
  `nama` varchar(50) CHARACTER SET latin1 COLLATE latin1_swedish_ci NOT NULL,
  PRIMARY KEY (`id`) USING BTREE
) ENGINE = InnoDB AUTO_INCREMENT = 7 CHARACTER SET = latin1 COLLATE = latin1_swedish_ci ROW_FORMAT = Compact;

-- ----------------------------
-- Records of tbmenu
-- ----------------------------
INSERT INTO `tbmenu` VALUES (3, 'Pengguna');
INSERT INTO `tbmenu` VALUES (6, 'Peran');

-- ----------------------------
-- Table structure for tbongkir
-- ----------------------------
DROP TABLE IF EXISTS `tbongkir`;
CREATE TABLE `tbongkir`  (
  `id` int(11) NOT NULL AUTO_INCREMENT,
  `kuririd` int(11) NOT NULL,
  `tujuan` int(11) NOT NULL,
  `hargaPerKg` double NOT NULL,
  PRIMARY KEY (`id`) USING BTREE,
  INDEX `kuririd`(`kuririd`) USING BTREE,
  INDEX `tbongkir_ibfk_2`(`tujuan`) USING BTREE,
  CONSTRAINT `tbongkir_ibfk_1` FOREIGN KEY (`kuririd`) REFERENCES `tbkurir` (`id`) ON DELETE RESTRICT ON UPDATE CASCADE,
  CONSTRAINT `tbongkir_ibfk_2` FOREIGN KEY (`tujuan`) REFERENCES `tbprovinsi` (`id`) ON DELETE RESTRICT ON UPDATE CASCADE
) ENGINE = InnoDB AUTO_INCREMENT = 39 CHARACTER SET = latin1 COLLATE = latin1_swedish_ci ROW_FORMAT = Compact;

-- ----------------------------
-- Records of tbongkir
-- ----------------------------
INSERT INTO `tbongkir` VALUES (1, 1, 11, 48000);
INSERT INTO `tbongkir` VALUES (2, 1, 51, 27000);
INSERT INTO `tbongkir` VALUES (3, 1, 36, 19000);
INSERT INTO `tbongkir` VALUES (4, 1, 17, 33000);
INSERT INTO `tbongkir` VALUES (5, 1, 75, 59000);
INSERT INTO `tbongkir` VALUES (6, 1, 31, 15000);
INSERT INTO `tbongkir` VALUES (7, 1, 15, 34000);
INSERT INTO `tbongkir` VALUES (8, 1, 32, 19000);
INSERT INTO `tbongkir` VALUES (10, 1, 33, 9000);
INSERT INTO `tbongkir` VALUES (11, 1, 35, 11000);
INSERT INTO `tbongkir` VALUES (12, 1, 34, 11000);
INSERT INTO `tbongkir` VALUES (13, 1, 61, 36000);
INSERT INTO `tbongkir` VALUES (14, 1, 63, 35000);
INSERT INTO `tbongkir` VALUES (15, 1, 62, 38000);
INSERT INTO `tbongkir` VALUES (16, 1, 64, 40000);
INSERT INTO `tbongkir` VALUES (17, 1, 65, 58000);
INSERT INTO `tbongkir` VALUES (18, 1, 19, 35000);
INSERT INTO `tbongkir` VALUES (19, 1, 21, 35000);
INSERT INTO `tbongkir` VALUES (20, 1, 18, 18000);
INSERT INTO `tbongkir` VALUES (21, 1, 81, 66000);
INSERT INTO `tbongkir` VALUES (22, 1, 82, 61000);
INSERT INTO `tbongkir` VALUES (23, 1, 52, 33000);
INSERT INTO `tbongkir` VALUES (24, 1, 53, 47000);
INSERT INTO `tbongkir` VALUES (25, 1, 94, 79000);
INSERT INTO `tbongkir` VALUES (26, 1, 91, 126000);
INSERT INTO `tbongkir` VALUES (27, 1, 14, 34000);
INSERT INTO `tbongkir` VALUES (29, 1, 76, 67000);
INSERT INTO `tbongkir` VALUES (30, 1, 73, 40000);
INSERT INTO `tbongkir` VALUES (31, 1, 72, 55000);
INSERT INTO `tbongkir` VALUES (32, 1, 74, 53000);
INSERT INTO `tbongkir` VALUES (35, 1, 71, 53000);
INSERT INTO `tbongkir` VALUES (36, 1, 13, 34000);
INSERT INTO `tbongkir` VALUES (37, 1, 16, 31000);
INSERT INTO `tbongkir` VALUES (38, 1, 12, 35000);

-- ----------------------------
-- Table structure for tbpelunasan
-- ----------------------------
DROP TABLE IF EXISTS `tbpelunasan`;
CREATE TABLE `tbpelunasan`  (
  `id` int(11) NOT NULL AUTO_INCREMENT,
  `bayar` double(11, 0) NOT NULL,
  `tglpelunasan` datetime(0) NOT NULL,
  PRIMARY KEY (`id`) USING BTREE
) ENGINE = InnoDB AUTO_INCREMENT = 1 CHARACTER SET = latin1 COLLATE = latin1_swedish_ci ROW_FORMAT = Compact;

-- ----------------------------
-- Table structure for tbpembayaran
-- ----------------------------
DROP TABLE IF EXISTS `tbpembayaran`;
CREATE TABLE `tbpembayaran`  (
  `id` int(11) NOT NULL AUTO_INCREMENT,
  `publikasiid` int(11) NOT NULL,
  `pelunasanid` int(11) NULL DEFAULT NULL,
  `jatuhtempoid` int(11) NULL DEFAULT NULL,
  PRIMARY KEY (`id`) USING BTREE,
  INDEX `publikasiid`(`publikasiid`) USING BTREE,
  INDEX `pelunasanid`(`pelunasanid`) USING BTREE,
  INDEX `jatuhtempoid`(`jatuhtempoid`) USING BTREE,
  CONSTRAINT `tbpembayaran_ibfk_1` FOREIGN KEY (`publikasiid`) REFERENCES `tbpublikasi` (`id`) ON DELETE RESTRICT ON UPDATE CASCADE,
  CONSTRAINT `tbpembayaran_ibfk_2` FOREIGN KEY (`pelunasanid`) REFERENCES `tbpelunasan` (`id`) ON DELETE RESTRICT ON UPDATE CASCADE,
  CONSTRAINT `tbpembayaran_ibfk_3` FOREIGN KEY (`jatuhtempoid`) REFERENCES `tbjatuhtempo` (`id`) ON DELETE RESTRICT ON UPDATE CASCADE
) ENGINE = InnoDB AUTO_INCREMENT = 1 CHARACTER SET = latin1 COLLATE = latin1_swedish_ci ROW_FORMAT = Compact;

-- ----------------------------
-- Table structure for tbpengaturan
-- ----------------------------
DROP TABLE IF EXISTS `tbpengaturan`;
CREATE TABLE `tbpengaturan`  (
  `id` int(11) NOT NULL AUTO_INCREMENT,
  `royaltipenerbit` int(11) NOT NULL,
  `pajak` int(11) NOT NULL,
  `statusAktif` enum('0','1') CHARACTER SET latin1 COLLATE latin1_swedish_ci NOT NULL DEFAULT '0',
  PRIMARY KEY (`id`) USING BTREE
) ENGINE = InnoDB AUTO_INCREMENT = 1 CHARACTER SET = latin1 COLLATE = latin1_swedish_ci ROW_FORMAT = Compact;

-- ----------------------------
-- Table structure for tbpengguna
-- ----------------------------
DROP TABLE IF EXISTS `tbpengguna`;
CREATE TABLE `tbpengguna`  (
  `id` int(11) NOT NULL AUTO_INCREMENT,
  `namadepan` varchar(255) CHARACTER SET latin1 COLLATE latin1_swedish_ci NOT NULL,
  `namabelakang` varchar(255) CHARACTER SET latin1 COLLATE latin1_swedish_ci NULL DEFAULT NULL,
  `email` varchar(255) CHARACTER SET latin1 COLLATE latin1_swedish_ci NOT NULL,
  `email_token` varchar(255) CHARACTER SET latin1 COLLATE latin1_swedish_ci NULL DEFAULT NULL,
  `password` varchar(255) CHARACTER SET latin1 COLLATE latin1_swedish_ci NOT NULL DEFAULT 'e10adc3949ba59abbe56e057f20f883e',
  `alamat` varchar(255) CHARACTER SET latin1 COLLATE latin1_swedish_ci NULL DEFAULT NULL,
  `telepon` varchar(50) CHARACTER SET latin1 COLLATE latin1_swedish_ci NULL DEFAULT NULL,
  `kotaid` int(11) NULL DEFAULT NULL,
  `tanggallahir` date NULL DEFAULT NULL,
  `hobi` varchar(255) CHARACTER SET latin1 COLLATE latin1_swedish_ci NULL DEFAULT NULL,
  `foto` varchar(255) CHARACTER SET latin1 COLLATE latin1_swedish_ci NULL DEFAULT NULL,
  `aksi` enum('AKTIF','PENDING') CHARACTER SET latin1 COLLATE latin1_swedish_ci NOT NULL DEFAULT 'PENDING',
  `created_at` timestamp(0) NOT NULL DEFAULT CURRENT_TIMESTAMP,
  `updated_at` timestamp(0) NOT NULL ON UPDATE CURRENT_TIMESTAMP(0),
  PRIMARY KEY (`id`) USING BTREE,
  UNIQUE INDEX `email`(`email`) USING BTREE,
  INDEX `tbpengguna_ibfk_1`(`kotaid`) USING BTREE,
  CONSTRAINT `tbpengguna_ibfk_1` FOREIGN KEY (`kotaid`) REFERENCES `tbkota` (`id`) ON DELETE RESTRICT ON UPDATE CASCADE
) ENGINE = InnoDB AUTO_INCREMENT = 23 CHARACTER SET = latin1 COLLATE = latin1_swedish_ci ROW_FORMAT = Compact;

-- ----------------------------
-- Records of tbpengguna
-- ----------------------------
INSERT INTO `tbpengguna` VALUES (1, 'oksa', 'triwahyu', 'oksatriwahyu46@gmail.com', NULL, 'e10adc3949ba59abbe56e057f20f883e', 'jl.genuksari', '089625152086', 3374, '1996-10-09', NULL, 'uploads/fotoProfil/2018-01/18012304530523562.png', 'AKTIF', '2018-01-18 12:42:31', '2018-01-23 04:53:05');
INSERT INTO `tbpengguna` VALUES (19, 'ok', NULL, 'oksatriwahyu@gmail.com', NULL, 'e10adc3949ba59abbe56e057f20f883e', NULL, NULL, NULL, NULL, NULL, NULL, 'AKTIF', '2018-01-22 09:09:28', '2018-01-23 11:59:06');
INSERT INTO `tbpengguna` VALUES (21, 'loe', 'a', 'coba1@gmail.com', 'MpoX7yuBc39YQxcJSpNz2mSJZgd7VV2ccnCTjHSk', 'e10adc3949ba59abbe56e057f20f883e', NULL, NULL, NULL, NULL, NULL, NULL, 'PENDING', '2018-01-23 03:39:07', '2018-01-24 02:23:47');
INSERT INTO `tbpengguna` VALUES (22, 'gueaaa', 'aaaaaa', 'coba2@gmail.com', 'IH0zTwUUxUg5xk9aaieQIsMX4hbrYNGwJ0Ufvmdf', 'e10adc3949ba59abbe56e057f20f883e', NULL, NULL, NULL, NULL, NULL, NULL, 'PENDING', '2018-01-23 03:39:32', '2018-01-23 10:16:16');

-- ----------------------------
-- Table structure for tbpenulis
-- ----------------------------
DROP TABLE IF EXISTS `tbpenulis`;
CREATE TABLE `tbpenulis`  (
  `id` int(11) NOT NULL AUTO_INCREMENT,
  `nama` varchar(255) CHARACTER SET latin1 COLLATE latin1_swedish_ci NOT NULL,
  `bukuid` int(11) NOT NULL,
  PRIMARY KEY (`id`) USING BTREE,
  INDEX `bukuid`(`bukuid`) USING BTREE,
  CONSTRAINT `tbpenulis_ibfk_1` FOREIGN KEY (`bukuid`) REFERENCES `tbbuku` (`id`) ON DELETE RESTRICT ON UPDATE CASCADE
) ENGINE = InnoDB AUTO_INCREMENT = 1 CHARACTER SET = latin1 COLLATE = latin1_swedish_ci ROW_FORMAT = Compact;

-- ----------------------------
-- Table structure for tbperan
-- ----------------------------
DROP TABLE IF EXISTS `tbperan`;
CREATE TABLE `tbperan`  (
  `id` int(11) NOT NULL AUTO_INCREMENT,
  `nama` varchar(255) CHARACTER SET latin1 COLLATE latin1_swedish_ci NOT NULL,
  `deskripsi` varchar(255) CHARACTER SET latin1 COLLATE latin1_swedish_ci NULL DEFAULT NULL,
  PRIMARY KEY (`id`) USING BTREE
) ENGINE = InnoDB AUTO_INCREMENT = 6 CHARACTER SET = latin1 COLLATE = latin1_swedish_ci ROW_FORMAT = Compact;

-- ----------------------------
-- Records of tbperan
-- ----------------------------
INSERT INTO `tbperan` VALUES (1, 'root', 'Super Admin');
INSERT INTO `tbperan` VALUES (2, 'admin', 'Administrator');
INSERT INTO `tbperan` VALUES (3, 'editor', 'Editor');
INSERT INTO `tbperan` VALUES (4, 'ilustrator', 'Ilustrator');
INSERT INTO `tbperan` VALUES (5, 'pengguna', 'Pengguna');

-- ----------------------------
-- Table structure for tbperan_pengguna
-- ----------------------------
DROP TABLE IF EXISTS `tbperan_pengguna`;
CREATE TABLE `tbperan_pengguna`  (
  `id` int(11) NOT NULL AUTO_INCREMENT,
  `penggunaid` int(11) NOT NULL,
  `peranid` int(11) NOT NULL DEFAULT 5,
  PRIMARY KEY (`id`) USING BTREE,
  UNIQUE INDEX `penggunaid`(`penggunaid`) USING BTREE,
  INDEX `tbperan_pengguna_ibfk_2`(`peranid`) USING BTREE,
  CONSTRAINT `tbperan_pengguna_ibfk_1` FOREIGN KEY (`penggunaid`) REFERENCES `tbpengguna` (`id`) ON DELETE CASCADE ON UPDATE CASCADE,
  CONSTRAINT `tbperan_pengguna_ibfk_2` FOREIGN KEY (`peranid`) REFERENCES `tbperan` (`id`) ON DELETE CASCADE ON UPDATE CASCADE
) ENGINE = InnoDB AUTO_INCREMENT = 23 CHARACTER SET = latin1 COLLATE = latin1_swedish_ci ROW_FORMAT = Compact;

-- ----------------------------
-- Records of tbperan_pengguna
-- ----------------------------
INSERT INTO `tbperan_pengguna` VALUES (1, 1, 1);
INSERT INTO `tbperan_pengguna` VALUES (19, 19, 2);
INSERT INTO `tbperan_pengguna` VALUES (21, 21, 3);
INSERT INTO `tbperan_pengguna` VALUES (22, 22, 4);

-- ----------------------------
-- Table structure for tbprovinsi
-- ----------------------------
DROP TABLE IF EXISTS `tbprovinsi`;
CREATE TABLE `tbprovinsi`  (
  `id` int(2) NOT NULL,
  `nama` varchar(255) CHARACTER SET utf8 COLLATE utf8_unicode_ci NOT NULL,
  PRIMARY KEY (`id`) USING BTREE
) ENGINE = InnoDB CHARACTER SET = utf8 COLLATE = utf8_unicode_ci ROW_FORMAT = Compact;

-- ----------------------------
-- Records of tbprovinsi
-- ----------------------------
INSERT INTO `tbprovinsi` VALUES (11, 'ACEH');
INSERT INTO `tbprovinsi` VALUES (12, 'SUMATERA UTARA');
INSERT INTO `tbprovinsi` VALUES (13, 'SUMATERA BARAT');
INSERT INTO `tbprovinsi` VALUES (14, 'RIAU');
INSERT INTO `tbprovinsi` VALUES (15, 'JAMBI');
INSERT INTO `tbprovinsi` VALUES (16, 'SUMATERA SELATAN');
INSERT INTO `tbprovinsi` VALUES (17, 'BENGKULU');
INSERT INTO `tbprovinsi` VALUES (18, 'LAMPUNG');
INSERT INTO `tbprovinsi` VALUES (19, 'KEPULAUAN BANGKA BELITUNG');
INSERT INTO `tbprovinsi` VALUES (21, 'KEPULAUAN RIAU');
INSERT INTO `tbprovinsi` VALUES (31, 'DKI JAKARTA');
INSERT INTO `tbprovinsi` VALUES (32, 'JAWA BARAT');
INSERT INTO `tbprovinsi` VALUES (33, 'JAWA TENGAH');
INSERT INTO `tbprovinsi` VALUES (34, 'DI YOGYAKARTA');
INSERT INTO `tbprovinsi` VALUES (35, 'JAWA TIMUR');
INSERT INTO `tbprovinsi` VALUES (36, 'BANTEN');
INSERT INTO `tbprovinsi` VALUES (51, 'BALI');
INSERT INTO `tbprovinsi` VALUES (52, 'NUSA TENGGARA BARAT');
INSERT INTO `tbprovinsi` VALUES (53, 'NUSA TENGGARA TIMUR');
INSERT INTO `tbprovinsi` VALUES (61, 'KALIMANTAN BARAT');
INSERT INTO `tbprovinsi` VALUES (62, 'KALIMANTAN TENGAH');
INSERT INTO `tbprovinsi` VALUES (63, 'KALIMANTAN SELATAN');
INSERT INTO `tbprovinsi` VALUES (64, 'KALIMANTAN TIMUR');
INSERT INTO `tbprovinsi` VALUES (65, 'KALIMANTAN UTARA');
INSERT INTO `tbprovinsi` VALUES (71, 'SULAWESI UTARA');
INSERT INTO `tbprovinsi` VALUES (72, 'SULAWESI TENGAH');
INSERT INTO `tbprovinsi` VALUES (73, 'SULAWESI SELATAN');
INSERT INTO `tbprovinsi` VALUES (74, 'SULAWESI TENGGARA');
INSERT INTO `tbprovinsi` VALUES (75, 'GORONTALO');
INSERT INTO `tbprovinsi` VALUES (76, 'SULAWESI BARAT');
INSERT INTO `tbprovinsi` VALUES (81, 'MALUKU');
INSERT INTO `tbprovinsi` VALUES (82, 'MALUKU UTARA');
INSERT INTO `tbprovinsi` VALUES (91, 'PAPUA BARAT');
INSERT INTO `tbprovinsi` VALUES (94, 'PAPUA');

-- ----------------------------
-- Table structure for tbpublikasi
-- ----------------------------
DROP TABLE IF EXISTS `tbpublikasi`;
CREATE TABLE `tbpublikasi`  (
  `id` int(11) NOT NULL AUTO_INCREMENT,
  `cekbukuid` int(11) NOT NULL,
  `jenispublikasi` enum('CETAK','PUBLIKASI') CHARACTER SET latin1 COLLATE latin1_swedish_ci NULL DEFAULT NULL,
  `cetak` int(5) NULL DEFAULT NULL,
  `jenispembayaran` enum('TUNAI','KREDIT','') CHARACTER SET latin1 COLLATE latin1_swedish_ci NULL DEFAULT NULL,
  `uangdp` double NULL DEFAULT NULL,
  `penggunarekening` varchar(255) CHARACTER SET latin1 COLLATE latin1_swedish_ci NOT NULL,
  `norekening` int(11) NOT NULL,
  `bankid` int(11) NOT NULL,
  `ongkirid` int(11) NOT NULL,
  `totalbayar` double NOT NULL,
  `created_at` timestamp(0) NOT NULL DEFAULT CURRENT_TIMESTAMP ON UPDATE CURRENT_TIMESTAMP(0),
  `updated_at` timestamp(0) NOT NULL ON UPDATE CURRENT_TIMESTAMP(0),
  PRIMARY KEY (`id`) USING BTREE,
  INDEX `cekbukuid`(`cekbukuid`) USING BTREE,
  INDEX `bankid`(`bankid`) USING BTREE,
  INDEX `tbpublikasi_ibfk_3`(`ongkirid`) USING BTREE,
  CONSTRAINT `tbpublikasi_ibfk_1` FOREIGN KEY (`cekbukuid`) REFERENCES `tbcekbuku` (`id`) ON DELETE RESTRICT ON UPDATE CASCADE,
  CONSTRAINT `tbpublikasi_ibfk_2` FOREIGN KEY (`bankid`) REFERENCES `tbbank` (`id`) ON DELETE RESTRICT ON UPDATE CASCADE,
  CONSTRAINT `tbpublikasi_ibfk_3` FOREIGN KEY (`ongkirid`) REFERENCES `tbongkir` (`id`) ON DELETE RESTRICT ON UPDATE CASCADE
) ENGINE = InnoDB AUTO_INCREMENT = 1 CHARACTER SET = latin1 COLLATE = latin1_swedish_ci ROW_FORMAT = Compact;

-- ----------------------------
-- Table structure for tbriwayat_buku
-- ----------------------------
DROP TABLE IF EXISTS `tbriwayat_buku`;
CREATE TABLE `tbriwayat_buku`  (
  `id` int(11) NOT NULL AUTO_INCREMENT,
  `penggunaid` int(11) NOT NULL,
  `judul` varchar(255) CHARACTER SET latin1 COLLATE latin1_swedish_ci NOT NULL,
  `kategoriid` int(11) NOT NULL,
  `ukuranid` int(11) NOT NULL,
  `jeniskertasid` int(11) NOT NULL,
  `halamanwarna` int(6) NOT NULL,
  `halamanhitamputih` int(6) NOT NULL,
  `hargajual` double NOT NULL,
  `naskah` varchar(255) CHARACTER SET latin1 COLLATE latin1_swedish_ci NOT NULL,
  `contohnaskah` varchar(255) CHARACTER SET latin1 COLLATE latin1_swedish_ci NOT NULL,
  `cover` varchar(255) CHARACTER SET latin1 COLLATE latin1_swedish_ci NOT NULL,
  `contohcover` varchar(255) CHARACTER SET latin1 COLLATE latin1_swedish_ci NOT NULL,
  `deskripsi` text CHARACTER SET latin1 COLLATE latin1_swedish_ci NOT NULL,
  `status` enum('AKTIF','PROSES') CHARACTER SET latin1 COLLATE latin1_swedish_ci NOT NULL DEFAULT 'PROSES',
  `created_at` timestamp(0) NOT NULL DEFAULT CURRENT_TIMESTAMP,
  PRIMARY KEY (`id`) USING BTREE,
  INDEX `penggunaid`(`penggunaid`) USING BTREE,
  INDEX `kategoriid`(`kategoriid`) USING BTREE,
  INDEX `ukuranid`(`ukuranid`) USING BTREE,
  INDEX `jeniskertasid`(`jeniskertasid`) USING BTREE,
  CONSTRAINT `tbriwayat_buku_ibfk_1` FOREIGN KEY (`penggunaid`) REFERENCES `tbpengguna` (`id`) ON DELETE CASCADE ON UPDATE CASCADE,
  CONSTRAINT `tbriwayat_buku_ibfk_2` FOREIGN KEY (`kategoriid`) REFERENCES `tbkategori` (`id`) ON DELETE RESTRICT ON UPDATE CASCADE,
  CONSTRAINT `tbriwayat_buku_ibfk_3` FOREIGN KEY (`ukuranid`) REFERENCES `tbukuran` (`id`) ON DELETE RESTRICT ON UPDATE CASCADE,
  CONSTRAINT `tbriwayat_buku_ibfk_4` FOREIGN KEY (`jeniskertasid`) REFERENCES `tbjeniskertas` (`id`) ON DELETE RESTRICT ON UPDATE CASCADE
) ENGINE = InnoDB AUTO_INCREMENT = 1 CHARACTER SET = latin1 COLLATE = latin1_swedish_ci ROW_FORMAT = Compact;

-- ----------------------------
-- Table structure for tbroyalti
-- ----------------------------
DROP TABLE IF EXISTS `tbroyalti`;
CREATE TABLE `tbroyalti`  (
  `id` int(11) NOT NULL AUTO_INCREMENT,
  `bukuid` int(11) NOT NULL,
  `pengaturanid` int(11) NOT NULL,
  `royalti` double NULL DEFAULT NULL,
  PRIMARY KEY (`id`) USING BTREE,
  INDEX `bukuid`(`bukuid`) USING BTREE,
  INDEX `pengaturanid`(`pengaturanid`) USING BTREE,
  CONSTRAINT `tbroyalti_ibfk_1` FOREIGN KEY (`bukuid`) REFERENCES `tbbuku` (`id`) ON DELETE CASCADE ON UPDATE CASCADE,
  CONSTRAINT `tbroyalti_ibfk_2` FOREIGN KEY (`pengaturanid`) REFERENCES `tbpengaturan` (`id`) ON DELETE RESTRICT ON UPDATE CASCADE
) ENGINE = InnoDB AUTO_INCREMENT = 1 CHARACTER SET = latin1 COLLATE = latin1_swedish_ci ROW_FORMAT = Compact;

-- ----------------------------
-- Table structure for tbstatusbuku
-- ----------------------------
DROP TABLE IF EXISTS `tbstatusbuku`;
CREATE TABLE `tbstatusbuku`  (
  `id` int(11) NOT NULL AUTO_INCREMENT,
  `cekbukuid` int(11) NOT NULL,
  `status` enum('BENAR','REVISI') CHARACTER SET latin1 COLLATE latin1_swedish_ci NULL DEFAULT NULL,
  `keterangan` text CHARACTER SET latin1 COLLATE latin1_swedish_ci NULL,
  `created_at` timestamp(0) NOT NULL DEFAULT CURRENT_TIMESTAMP ON UPDATE CURRENT_TIMESTAMP(0),
  `updated_at` timestamp(0) NOT NULL ON UPDATE CURRENT_TIMESTAMP(0),
  PRIMARY KEY (`id`) USING BTREE,
  INDEX `cekbukuid`(`cekbukuid`) USING BTREE,
  CONSTRAINT `tbstatusbuku_ibfk_1` FOREIGN KEY (`cekbukuid`) REFERENCES `tbcekbuku` (`id`) ON DELETE RESTRICT ON UPDATE CASCADE
) ENGINE = InnoDB AUTO_INCREMENT = 1 CHARACTER SET = latin1 COLLATE = latin1_swedish_ci ROW_FORMAT = Compact;

-- ----------------------------
-- Table structure for tbukuran
-- ----------------------------
DROP TABLE IF EXISTS `tbukuran`;
CREATE TABLE `tbukuran`  (
  `id` int(11) NOT NULL AUTO_INCREMENT,
  `ukuran` varchar(50) CHARACTER SET latin1 COLLATE latin1_swedish_ci NOT NULL,
  `deskripsi` varchar(255) CHARACTER SET latin1 COLLATE latin1_swedish_ci NULL DEFAULT NULL,
  PRIMARY KEY (`id`) USING BTREE
) ENGINE = InnoDB AUTO_INCREMENT = 7 CHARACTER SET = latin1 COLLATE = latin1_swedish_ci ROW_FORMAT = Compact;

-- ----------------------------
-- Records of tbukuran
-- ----------------------------
INSERT INTO `tbukuran` VALUES (1, '13 x 19 cm', 'Standarnya untuk novel dan buku cerita');
INSERT INTO `tbukuran` VALUES (2, '14 x 20 cm', 'Alternatif kedua untuk ukuran novel dan buku-buku non fiksi');
INSERT INTO `tbukuran` VALUES (3, '14,8 x 21 cm', 'Standar buku tulis sekolah, dan alternatif buku-buku ukuran sedang');
INSERT INTO `tbukuran` VALUES (4, '15 x 23 cm', 'Lebih cocok untuk buku biografy');
INSERT INTO `tbukuran` VALUES (5, '17,6 x 25 cm', 'standar untuk buku company profile dan majalah');
INSERT INTO `tbukuran` VALUES (6, '21 x 29,7 cm', 'standar untuk buku-buku pelajaran, skripsi, makalah');

-- ----------------------------
-- View structure for tbview_hakakses
-- ----------------------------
DROP VIEW IF EXISTS `tbview_hakakses`;
CREATE ALGORITHM = UNDEFINED DEFINER = `root`@`localhost` SQL SECURITY DEFINER VIEW `tbview_hakakses` AS SELECT
	tbhak_akses.peranid,
	tbhak_akses.menuid,
	tbhak_akses.tambah,
	tbhak_akses.ubah,
	tbhak_akses.hapus,
	tbhak_akses.tampil,
	tbperan.nama as peran,
	tbperan.deskripsi,
	tbmenu.nama as menu 
FROM
	tbhak_akses
	LEFT JOIN tbperan ON tbhak_akses.peranid = tbperan.id
	LEFT JOIN tbmenu ON tbhak_akses.menuid = tbmenu.id ;

-- ----------------------------
-- View structure for tbview_peran_pengguna
-- ----------------------------
DROP VIEW IF EXISTS `tbview_peran_pengguna`;
CREATE ALGORITHM = UNDEFINED DEFINER = `root`@`localhost` SQL SECURITY DEFINER VIEW `tbview_peran_pengguna` AS SELECT
	tbperan_pengguna.penggunaid,
	tbperan_pengguna.peranid,
	tbpengguna.namadepan,
	tbpengguna.namabelakang,
	tbpengguna.email,
	tbpengguna.email_token,
	tbpengguna.`password`,
	tbpengguna.alamat,
	tbpengguna.telepon,
	tbpengguna.kotaid,
	tbpengguna.tanggallahir,
	tbpengguna.hobi,
	tbpengguna.foto,
	tbpengguna.aksi,
	tbperan.nama AS peran,
	tbkota.nama AS kota,
	tbkota.provinsiid,
	tbprovinsi.nama AS provinsi 
FROM
	tbperan_pengguna
	LEFT JOIN tbpengguna ON tbperan_pengguna.penggunaid = tbpengguna.id
	LEFT JOIN tbperan ON tbperan_pengguna.peranid = tbperan.id
	LEFT JOIN tbkota ON tbpengguna.kotaid = tbkota.id
	LEFT JOIN tbprovinsi ON tbkota.provinsiid = tbprovinsi.id ;

-- ----------------------------
-- Function structure for coba
-- ----------------------------
DROP FUNCTION IF EXISTS `coba`;
delimiter ;;
CREATE DEFINER=`root`@`localhost` FUNCTION `coba`(`l_email` varchar(255), `l_password` varchar(255)) RETURNS varchar(255) CHARSET latin1
    DETERMINISTIC
BEGIN
  DECLARE hasil VARCHAR(255);
	set hasil=(select id from tbpengguna where email=l_email and password=l_password);
	RETURN hasil;
END
;;
delimiter ;

-- ----------------------------
-- Function structure for login
-- ----------------------------
DROP FUNCTION IF EXISTS `login`;
delimiter ;;
CREATE DEFINER=`root`@`localhost` FUNCTION `login`(l_email varchar(255), l_password varchar(255)) RETURNS varchar(255) CHARSET latin1
BEGIN
    declare hasil varchar(255);
    select email into hasil from tbpengguna where email=l_email and password=l_password;
    return hasil;
    END
;;
delimiter ;

-- ----------------------------
-- Triggers structure for table tbbuku
-- ----------------------------
DROP TRIGGER IF EXISTS `tbriwayat_buku`;
delimiter ;;
CREATE TRIGGER `tbriwayat_buku` AFTER INSERT ON `tbbuku` FOR EACH ROW INSERT INTO tbriwayat_buku
(
id
,penggunaid
,judul
,kategoriid
,ukuranid
,jeniskertasid
,halamanwarna
,halamanhitamputih
,hargajual
,naskah
,contohnaskah
,cover
,contohnaskah
,deskripsi
,status
) VALUES
(
new.id
,new.penggunaid
,new.judul
,new.kategoriid
,new.ukuranid
,new.jeniskertasid
,new.halamanwarna
,new.halamanhitamputih
,new.hargajual
,new.naskah
,new.contohnaskah
,new.cover
,new.contohnaskah
,new.deskripsi
,new.status
)
;;
delimiter ;

-- ----------------------------
-- Triggers structure for table tbpengguna
-- ----------------------------
DROP TRIGGER IF EXISTS `tbperan_pengguna`;
delimiter ;;
CREATE TRIGGER `tbperan_pengguna` AFTER INSERT ON `tbpengguna` FOR EACH ROW INSERT INTO tbperan_pengguna
        (       penggunaid
        )
  VALUES
        (       new.id
        )
;;
delimiter ;

SET FOREIGN_KEY_CHECKS = 1;
